-- MySQL dump 10.13  Distrib 8.3.0, for macos14.2 (x86_64)
--
-- Host: mysql-13e43451-club-management.aivencloud.com    Database: footy_prod
-- ------------------------------------------------------
-- Server version	8.0.30

/*!40101 SET @OLD_CHARACTER_SET_CLIENT=@@CHARACTER_SET_CLIENT */;
/*!40101 SET @OLD_CHARACTER_SET_RESULTS=@@CHARACTER_SET_RESULTS */;
/*!40101 SET @OLD_COLLATION_CONNECTION=@@COLLATION_CONNECTION */;
/*!50503 SET NAMES utf8mb4 */;
/*!40103 SET @OLD_TIME_ZONE=@@TIME_ZONE */;
/*!40103 SET TIME_ZONE='+00:00' */;
/*!40014 SET @OLD_UNIQUE_CHECKS=@@UNIQUE_CHECKS, UNIQUE_CHECKS=0 */;
/*!40014 SET @OLD_FOREIGN_KEY_CHECKS=@@FOREIGN_KEY_CHECKS, FOREIGN_KEY_CHECKS=0 */;
/*!40101 SET @OLD_SQL_MODE=@@SQL_MODE, SQL_MODE='NO_AUTO_VALUE_ON_ZERO' */;
/*!40111 SET @OLD_SQL_NOTES=@@SQL_NOTES, SQL_NOTES=0 */;
SET @MYSQLDUMP_TEMP_LOG_BIN = @@SESSION.SQL_LOG_BIN;
SET @@SESSION.SQL_LOG_BIN= 0;

--
-- GTID state at the beginning of the backup 
--

SET @@GLOBAL.GTID_PURGED=/*!80000 '+'*/ '49166f3f-6389-11ee-8331-0ad3d1d6849d:1-11944,
eba81eec-9e1c-11ee-acc5-ca71c7c8e054:1-17081';

--
-- Dumping data for table `Actual_Lineups`
--

LOCK TABLES `Actual_Lineups` WRITE;
/*!40000 ALTER TABLE `Actual_Lineups` DISABLE KEYS */;
INSERT INTO `Actual_Lineups` VALUES ('0045e52f-076a-4593-aeef-e4c2aabd4436','5382551','89613','',14.237554665406545,NULL,NULL,NULL),('006b9549-46a4-408e-9098-e3d71eacf9c9','1349601','93710','CB',57.460390067100526,NULL,NULL,NULL),('00a12439-8ff6-401a-9da1-780f293e42e2','4928605','53364','CF',32.031191698710124,NULL,NULL,NULL),('00d2f152-5565-4e11-8b44-42c192783206','5585882','38916','LCB',0,NULL,NULL,NULL),('010dab34-28fc-450e-9ea2-b3f6252c8072','3429941','66233','',32.96225870052974,NULL,NULL,NULL),('013a5504-3cfc-4ebe-b82b-1f7a6ff227f1','4928605','91931','CF',21.55000066757202,NULL,NULL,NULL),('01782c4d-f2b4-42dc-b20f-973e44f744cd','6598708','10514','CAM',2.476282731691996,NULL,NULL,NULL),('01db1053-0f7b-4caf-a572-67710256f5ae','9517179','94689','GK',1.02270214955012,NULL,NULL,NULL),('02441861-5417-4a79-902b-3ca394fe3228','1349601','90896','',57.460390067100526,NULL,NULL,NULL),('028bd70b-0e61-448a-a515-7ad61e8311fd','1374322','66233','GK',57.67315428256988,NULL,NULL,NULL),('02eb374b-1537-4331-9afb-f2693bec8c09','90345','75570','LCM',30.683333865801494,NULL,NULL,NULL),('030e77de-052e-4536-96a7-804bc6a71563','4928605','10514','RCM',21.550000683466592,NULL,NULL,NULL),('03305131-7493-49e4-b50f-ff05c03e83af','3429941','64298','RB',15.569920583566029,NULL,NULL,NULL),('03451a51-12f9-43be-8205-4f6c8d8ada1e','16168','75570','CF',20.41666736602783,NULL,NULL,NULL),('035ba217-336d-4955-b17e-044d5ee1ca1b','83190','53364','CB',11.389402349789938,NULL,NULL,NULL),('03846cd7-4dcf-485c-a63a-873417e17f36','87372','78840','LCM',85.48236600160598,NULL,NULL,NULL),('03dc7557-758e-495a-875b-a931e272e6ea','6598708','91931','',27.129719734191895,NULL,NULL,NULL),('043ac171-6a61-48d4-9fe3-cc5c6f093f84','1994303','14357','GK',21.4166672984759,NULL,NULL,NULL),('043d373f-0e36-4039-be76-ee82627c1b6e','16168','10514','CF',14.726995233694712,NULL,NULL,NULL),('04a5cbd1-a9eb-40e1-9c21-dfb05c8c7ec8','87372','74722','LCF',69.71846251487732,NULL,NULL,NULL),('04c6564d-faa3-4e57-bfd8-8cd1aab6c661','1994303','92177','LCM',21.4166672984759,NULL,NULL,NULL),('04e75d03-5dbb-4df0-9823-8858a514e973','5585882','77270','',0,NULL,NULL,NULL),('05fedb28-1fff-49e3-9fcf-92e65d2c1ace','3429941','39127','',15.569920583566029,NULL,NULL,NULL),('0608e5c2-e0cd-4047-abf8-52c143a43bc0','8186027','33605','',42.65341358184814,NULL,NULL,NULL),('0625c76a-a4c3-435f-90f5-b8dbdcfc499c','8186027','90896','',45.29108858505885,NULL,NULL,NULL),('062d5788-a509-4d60-8fc9-28f4e1932e59','3429941','36065','LCF',15.569920583566029,NULL,NULL,NULL),('066b7782-2f03-4f8d-ab14-2aa435bf2902','90345','10514','CB',10.100000631809234,NULL,NULL,NULL),('067488bb-e53e-40a7-86ba-88ee889d3684','2669868','49112','',0.9257034182548523,NULL,NULL,NULL),('06bb6439-58ad-4d21-b0be-79a665d18d10','16168','83246','LCM',14.726995233694712,NULL,NULL,NULL),('07db5a84-af40-4430-b59c-c29d7f24c37f','87372','74722','LCM',80.60892466704051,NULL,NULL,NULL),('082fc87a-cafb-48db-aa70-bf01a1135650','87372','25078','',82.54248181581497,NULL,NULL,NULL),('087c91fe-c067-4ff7-bcae-923b0ab6db97','3429941','11044','',28.642621250947318,NULL,NULL,NULL),('087f4f99-678b-4a1e-b9e9-1170a8a713ea','1374322','63978','CM',0,NULL,NULL,NULL),('08a26fcb-6233-4d41-b1c1-e98292b05b15','1374322','91830','',43.95189483165741,NULL,NULL,NULL),('08a975f2-f6ac-4421-afb8-8cac0b209073','90345','91931','',30.683333865801494,NULL,NULL,NULL),('08bdb9a9-017e-4780-9605-6c57dc5ee607','83190','53364','LCM',11.855714718500773,NULL,NULL,NULL),('08ed58b7-069d-4a33-9425-66a9af225fb9','2669868','50679','',0.9257034182548523,NULL,NULL,NULL),('094481a1-efd0-4eb3-83a5-a0c5d2d6ed8d','2711144','94689','GK',1.0212652842203775,NULL,NULL,NULL),('095565aa-26e8-4f90-a674-6bf7d43d6382','8186027','64298','',42.65341358184814,NULL,NULL,NULL),('099c62b6-96c4-4f95-995b-eb627e74d71b','1374322','64298','RB',15.369030066331227,NULL,NULL,NULL),('09a8582a-3692-48b8-a98e-78d86eafb27e','4950330','78006','',0.8584164341290792,NULL,NULL,NULL),('09ede9ed-f40b-4599-957f-69e91b17f611','4766924','50679','',0.9669955174128214,NULL,NULL,NULL),('0aceadaf-1ac0-492c-ad84-99c8d7fcd00a','5140449','76112','LCAM',0,NULL,NULL,NULL),('0b373bd2-f168-465f-8e0e-893c99aa2df4','87372','56970','',78.97841076850891,NULL,NULL,NULL),('0b8f9a37-9194-4d3b-bdaf-23de4ce51a2a','3429941','90896','',17.40661366780599,NULL,NULL,NULL),('0c06c7ab-2757-4290-bd66-d59505f8cbc0','9517179','89613','',1.02270214955012,NULL,NULL,NULL),('0c8b58f7-f04e-489c-bfcc-cb7dfdd0de29','4950330','98767','',0.8584164341290792,NULL,NULL,NULL),('0cb94373-b048-4cf1-882c-5130898aa4e4','5140449','78840','RCAM',0,NULL,NULL,NULL),('0cef9bbf-169a-4310-8bc0-debddc12238e','3429941','63842','RM',21.470880834261575,NULL,NULL,NULL),('0db5417a-3e10-4d36-93ff-d26080b1cf52','87372','74722','RM',85.48236600160598,NULL,NULL,NULL),('0e851ff5-5b2a-4e9b-b9e9-50ba91c18207','1994303','68345','RCM',32.40569976568222,NULL,NULL,NULL),('0e9323d6-2d61-4691-9192-fc1370857ef5','87372','25078','LCM',76.58333390156427,NULL,NULL,NULL),('0ea71c98-89ac-43f2-85f6-e42596a51d37','8186027','93710','',51.63232083320618,NULL,NULL,NULL),('0f241a26-8e64-4f01-8aa0-602b5dea3ef5','6598708','92177','RM',14.417308251063028,NULL,NULL,NULL),('0f978616-3efb-482a-b241-715d858b686d','87372','44686','',85.48236600160598,NULL,NULL,NULL),('0f98ae68-8a23-45ed-9eb3-b93c487e93e2','5382551','94689','',14.237554665406545,NULL,NULL,NULL),('101955be-2d04-41ee-aa72-c9a958b0a6d3','87372','25078','LCF',78.97841076850891,NULL,NULL,NULL),('10572','41049','14357','CB',0.38333191474278766,NULL,NULL,NULL),('10a4585d-0e77-4754-a1a0-2c6ecc60ee8f','1349601','36065','',57.460390067100526,NULL,NULL,NULL),('10b89f84-fafb-4320-b675-9ff3a626960d','1349601','11044','LB',44.58548646767934,NULL,NULL,NULL),('11183','19710','38483','',4.723019234339396,NULL,NULL,NULL),('111d9342-37b6-4bfd-9ed2-495c7b910527','8186027','93710','',15.541336750984192,NULL,NULL,NULL),('1123e266-50ed-4a21-9291-416a0694186e','9151984','85837','LWB',0,NULL,NULL,NULL),('11259','66348','49112','CF',4.884465050697327,NULL,NULL,NULL),('11710','41049','75570','',0.38333191474278766,NULL,NULL,NULL),('1187ffee-eb2e-4938-8e28-27a6683b6dd4','8186027','63842','RM',21.10400280157725,NULL,NULL,NULL),('11d131f5-d52a-4866-931d-a5d485aaadfd','4766924','26591','GK',0.9669955174128214,NULL,NULL,NULL),('12173','22179','15652','RCF',9.95182650089264,NULL,NULL,NULL),('12178','3472449','89904','',2.240363868077596,NULL,NULL,NULL),('121c564d-2241-4588-baac-bfe750d06806','4950330','81869','LCM',0,NULL,NULL,NULL),('121dc812-a345-4a2e-81cc-f5c614a7c0da','83190','53364','',14.672874414920807,NULL,NULL,NULL),('123661f2-6847-4980-8424-5ded53ec7b7a','8186027','63842','RM',15.541336750984192,NULL,NULL,NULL),('125c8f48-4215-45d8-b02b-bb91684f4a98','1374322','33605','RM',0,NULL,NULL,NULL),('128929d3-7ec9-40f0-adff-b435676da886','3429941','15652','',28.78581674893697,NULL,NULL,NULL),('1292fcdf-3a2c-4d51-a4d3-dd257c1cb063','1374322','93710','CB',15.369030066331227,NULL,NULL,NULL),('12e3b60e-f6d4-4cd8-881a-b68f56c1b69a','3429941','36065','',32.96225870052974,NULL,NULL,NULL),('13146','20953','68701','CB',0,NULL,NULL,NULL),('13231','60053','33605','RM',31.551131749153136,NULL,NULL,NULL),('13360','3472449','89613','CF',2.240363868077596,NULL,NULL,NULL),('135bc6a6-5bb9-47f3-9be6-c7284f7402fb','6598708','75570','RM',27.129719734191895,NULL,NULL,NULL),('1364aef3-04ac-494a-b137-4c3397e60493','1349601','95230','',30.666667250792184,NULL,NULL,NULL),('136556f3-8a5e-4960-af13-0d2d5f4a69fe','87372','89717','CF',6.266667250792185,NULL,NULL,NULL),('136a7d6b-5ed2-4b4f-8ee4-ec8cd315872d','3429941','20570','GK',15.569920583566029,NULL,NULL,NULL),('13f0f6c7-0865-4820-8c06-abd12ccae219','1994303','10514','',10.550000647703806,NULL,NULL,NULL),('14116','78320','94689','GK',1.4200515826543172,NULL,NULL,NULL),('14154','60053','90896','LM',14.972150198618571,NULL,NULL,NULL),('14842','3472449','94689','CB',2.240363868077596,NULL,NULL,NULL),('14b9dccd-9bad-43f9-ac4c-e6b06e6e4121','4928605','68345','CB',31.783334080378214,NULL,NULL,NULL),('1518a64d-bdac-4167-bdbe-7ce1f2452741','4636166','62504','GK',0.980570117632548,NULL,NULL,NULL),('15343','60053','64298','LM',31.551131749153136,NULL,NULL,NULL),('162d197a-2217-408f-9fed-b89da3ca6551','1374322','93710','CB',43.95189483165741,NULL,NULL,NULL),('16361','41049','53364','',0.38333191474278766,NULL,NULL,NULL),('16655','60053','63978','CM',14.972150198618571,NULL,NULL,NULL),('16861','60053','36065','',31.551131749153136,NULL,NULL,NULL),('16a1a16f-638a-42cd-8313-b9ed2a7efaba','3429941','36065','LCF',21.470880834261575,NULL,NULL,NULL),('16b9c581-a38a-43cc-aab7-6177ce3fa54a','1349601','36065','',15.039112281799316,NULL,NULL,NULL),('16f0f66d-22d1-4d8b-bb63-49ec18d8be4e','6598708','91931','',0,NULL,NULL,NULL),('17046','99082','36048','CB',2.3612667004267376,NULL,NULL,NULL),('17404','19710','89904','LCM',4.723019234339396,NULL,NULL,NULL),('17624','60053','93710','CB',31.551131749153136,NULL,NULL,NULL),('17868','41049','68345','GK',0.38333191474278766,NULL,NULL,NULL),('17a7f00b-8dae-430e-ab98-f9074ffd007b','87372','76112','RCM',80.60892466704051,NULL,NULL,NULL),('17dd3952-36c8-4500-9c69-18e2bbc00cb5','8186027','11044','LB',45.29108858505885,NULL,NULL,NULL),('17e68786-149a-420c-ac23-806a1856c510','87372','50172','',80.60892466704051,NULL,NULL,NULL),('184e34be-45ce-427e-b388-2f337de8cc7b','3429941','90896','',21.470880834261575,NULL,NULL,NULL),('18521','60053','63842','',14.972150198618571,NULL,NULL,NULL),('18587','97652','38483','CF',16.17843808333079,NULL,NULL,NULL),('18629','3472449','31178','RCM',2.240363868077596,NULL,NULL,NULL),('18977','20953','28019','GK',6.267832398414612,NULL,NULL,NULL),('18b171e8-2e8e-480e-a2e8-8ad752148db1','1994303','68345','',21.41666728258133,NULL,NULL,NULL),('18b1963a-ef17-4f13-a036-4645f00baed6','8186027','66233','GK',42.65341358184814,NULL,NULL,NULL),('18bc66a1-6d6a-492e-9feb-e32495e263f6','87372','25078','LCF',80.60892466704051,NULL,NULL,NULL),('18f3af71-7c29-425b-8708-0ea194bce417','4950330','32206','RCM',0.8584164341290792,NULL,NULL,NULL),('19025','99082','89613','RCM',2.3612667004267376,NULL,NULL,NULL),('19504','60053','63978','CM',31.551131749153136,NULL,NULL,NULL),('19672','60053','64298','',14.972150198618571,NULL,NULL,NULL),('1a2e475c-b642-4f56-ba93-0d67862fa005','8186027','36065','LCF',31.58333398103714,NULL,NULL,NULL),('1a3d4d5f-7873-48d0-9ed8-3edfeaf0278c','9151984','83021','',0,NULL,NULL,NULL),('1a47ae42-4970-44d9-9c74-fa06410e3f43','8186027','64298','CM',21.10400280157725,NULL,NULL,NULL),('1a4d0954-c8b3-473d-940f-b244522eff7f','3429941','20570','GK',21.470880834261575,NULL,NULL,NULL),('1a58cae7-f6fe-404c-9784-762ad55eb0d7','2328312','24867','LDM',0,NULL,NULL,NULL),('1a76ad5a-f788-495f-b999-4b24f497d2fe','1349601','91830','RB',44.30892496506373,NULL,NULL,NULL),('1b0a0768-fdaf-4db9-8fae-3834a8654e20','4928605','91931','RCM',32.031191698710124,NULL,NULL,NULL),('1b23b016-e621-4dfa-84d1-1d0a200b29d7','1994303','10514','',32.000000683466595,NULL,NULL,NULL),('1b35e022-dee7-4c9c-afd9-f3f3044f6f3d','5140449','74722','LCB',0,NULL,NULL,NULL),('1b8fa017-f1ce-49ce-bec2-73e985305b76','1349601','90896','',44.58548646767934,NULL,NULL,NULL),('1b9c4b60-2bf2-4817-bfd3-c71ba2f6d31f','83190','14357','',15.260870933532715,NULL,NULL,NULL),('1baa2aae-f479-4b26-a028-829d8be090da','6598708','83246','LM',14.417308251063028,NULL,NULL,NULL),('1bc7167f-ba36-408e-99b5-55a1165b3072','2711144','38483','LCM',1.0212652842203775,NULL,NULL,NULL),('1c237060-7675-4931-abae-3cd41aa6dc53','16168','91931','',29.800000683466592,NULL,NULL,NULL),('1ca7ecf2-f70a-4ae1-bf46-e9c099a6c8c5','1349601','64298','',30.666667250792184,NULL,NULL,NULL),('1cc22a18-f303-4d8b-b9e7-019358ce23e4','1374322','36065','RCF',30.016667397816978,NULL,NULL,NULL),('1d32f329-ff6e-4d81-aea4-2dab240dd69a','16168','92177','CB',10.30000053246816,NULL,NULL,NULL),('1d960b2b-3d1d-4b6b-b7b0-ac64ef4fc0f0','1349601','39127','RCF',44.30892496506373,NULL,NULL,NULL),('1db84da6-8028-4be6-9f14-5c820a3355a6','1374322','63842','',43.95189483165741,NULL,NULL,NULL),('1debdc15-cea9-4250-8c03-cdccb022e89f','1349601','64298','CM',44.58548646767934,NULL,NULL,NULL),('1e181da9-1708-47ae-af3b-33da5b8c34c9','16168','68345','CF',29.800000683466592,NULL,NULL,NULL),('1e3569f6-7640-4f28-b5d5-227dd6d11025','87372','25078','',6.266667250792185,NULL,NULL,NULL),('1e539a68-ec06-4b6c-8e9d-5038c2af0311','87372','41829','LCF',6.266667250792185,NULL,NULL,NULL),('1e6f72e7-be4b-4534-b24c-527d9129a17a','1349601','15652','LCF',15.039112281799316,NULL,NULL,NULL),('1eab72c5-d232-4e57-90d8-5bd7bf3c7a4b','6598708','10514','DM',0,NULL,NULL,NULL),('1f01bdcb-ea6b-42aa-bff0-1f07a8f2768b','6598708','68345','',27.129719734191895,NULL,NULL,NULL),('1f173809-809c-491f-bb28-867a727ca56c','1994303','14357','GK',34.2461402018865,NULL,NULL,NULL),('1f22961b-2465-4bd8-8e32-9af3175a1fe1','87372','44686','',76.58333390156427,NULL,NULL,NULL),('20308','99082','38483','GK',2.3612667004267376,NULL,NULL,NULL),('20550','37659','89904','CF',0.758744498093923,NULL,NULL,NULL),('20694b4b-8cd5-448b-96c6-b9f501ed9d0a','83190','68345','CB',6.286126232147216,NULL,NULL,NULL),('20718','3472449','26591','',2.240363868077596,NULL,NULL,NULL),('20775','60053','15652','',14.972150198618571,NULL,NULL,NULL),('207b286c-10dc-41dd-8849-27506e3237db','1994303','75570','',32.40569976568222,NULL,NULL,NULL),('20917','22179','95230','RB',1.9022449334462483,NULL,NULL,NULL),('209eb619-dd03-4312-b569-fdeb93b331b4','83190','10514','CF',6.286126232147216,NULL,NULL,NULL),('20e10a8f-5cf2-4568-9091-c4ad36111834','4928605','10514','',31.783334080378214,NULL,NULL,NULL),('21005','97652','62504','CB',16.17843808333079,NULL,NULL,NULL),('21166','69630','75570','CF',3.3695857326189675,NULL,NULL,NULL),('211def2f-46bb-4477-9f40-34169b69d4b5','3429941','64298','CM',17.40661366780599,NULL,NULL,NULL),('2128118b-c23b-4a35-8b14-063a26bc2d30','1349601','66233','GK',15.039112281799316,NULL,NULL,NULL),('214a8ebd-e7bb-496e-8ff4-406a33f9d40e','8186027','15652','LM',15.541336750984192,NULL,NULL,NULL),('216cd067-2a74-4b52-ad45-97b1117771fa','16168','14357','RCM',29.800000683466592,NULL,NULL,NULL),('21d0a9a8-2921-4982-8d84-9827be8ac228','3429941','66233','',17.40661366780599,NULL,NULL,NULL),('21dc00eb-daab-40ea-b1a8-c87705130f32','6485567','89904','RCM',1.4734194159507752,NULL,NULL,NULL),('22511','68413','94689','RCM',1.7881985505421956,NULL,NULL,NULL),('22698','97652','89613','RCM',16.17843808333079,NULL,NULL,NULL),('22755984-6835-4790-9776-fb42ec09cac9','6485567','36048','CB',1.4734194159507752,NULL,NULL,NULL),('22ca0843-821f-440f-9236-301222da104e','1349601','95230','RCF',15.039112281799316,NULL,NULL,NULL),('23298','22179','36065','CM',1.9022449334462483,NULL,NULL,NULL),('233783c6-19a1-4e85-b5a0-1194c9114e0b','1374322','33605','RM',57.67315428256988,NULL,NULL,NULL),('2381c36f-9371-430d-817d-1de646066272','6598708','53364','LM',27.129719734191895,NULL,NULL,NULL),('238761ec-8423-4f9a-84c3-1d9c3bbc3235','1349601','64298','RCM',57.460390067100526,NULL,NULL,NULL),('23f5e3ef-4ff4-4347-824f-1bd8ee4512d5','6598708','14357','',0,NULL,NULL,NULL),('23fac60e-e0b2-4d5d-9fad-993e77d872d7','4928605','75570','',31.783334080378214,NULL,NULL,NULL),('240b3ce8-d6b8-4cb4-b5c5-9b6986253e1f','83190','14357','',11.389402349789938,NULL,NULL,NULL),('24141','99082','49112','LCM',2.3612667004267376,NULL,NULL,NULL),('24235','60053','66233','GK',31.551131749153136,NULL,NULL,NULL),('24925','60053','90896','',31.551131749153136,NULL,NULL,NULL),('24af91b4-245d-4e6c-90af-6bb480e79584','1994303','92177','',34.2461402018865,NULL,NULL,NULL),('24ed9eae-74fa-4c03-80de-c41fac36df80','8186027','66233','GK',15.541336750984192,NULL,NULL,NULL),('25211','19710','31178','RCM',4.723019234339396,NULL,NULL,NULL),('25236','41049','92177','',0.38333191474278766,NULL,NULL,NULL),('25526','20953','16424','RCM',0,NULL,NULL,NULL),('257f9d4a-b50b-4809-a406-4cdd861d08fe','87372','59007','RM',76.58333390156427,NULL,NULL,NULL),('25988','22179','64298','',1.9022449334462483,NULL,NULL,NULL),('25ee284e-0859-4361-b481-70200e69b28f','8186027','11044','RB',31.58333398103714,NULL,NULL,NULL),('261a8b0d-b83c-4512-9716-f9316fa426ab','87372','16742','',76.58333390156427,NULL,NULL,NULL),('26568','19710','49112','CB',4.723019234339396,NULL,NULL,NULL),('26608','99082','26591','',2.3612667004267376,NULL,NULL,NULL),('268e0944-daec-4a74-86a5-54e87465381a','1374322','66233','GK',30.016667397816978,NULL,NULL,NULL),('2698d184-42d6-4e53-a5a8-dda74df30016','3429941','91830','',15.569920583566029,NULL,NULL,NULL),('26c82e1a-c561-4b07-9204-ca3d165c85c8','4928605','53364','',31.783334080378214,NULL,NULL,NULL),('26e21958-1222-457f-b85d-e9295b0e28f4','87372','89717','CF',76.58333390156427,NULL,NULL,NULL),('27497c5a-8b82-4efd-b3d1-2a9a184f0fe1','6598708','91931','',14.417308251063028,NULL,NULL,NULL),('282243ea-bdc1-4f35-a7bd-3a6d4e7a6fc4','87372','11137','LM',82.54248181581497,NULL,NULL,NULL),('282f2259-72f1-46a6-87d3-e51ee3328b72','3429941','63978','LB',28.78581674893697,NULL,NULL,NULL),('28533','3472449','38483','GK',2.240363868077596,NULL,NULL,NULL),('286d7518-e095-48d8-ae8b-bad124ae08e0','8917981','38483','RCM',1.1105639338493347,NULL,NULL,NULL),('28c592a3-7918-4f23-af40-4eca2c42b5db','9151984','93085','DM',0,NULL,NULL,NULL),('29017','60053','95230','',31.551131749153136,NULL,NULL,NULL),('293286aa-3e8c-4620-a29f-3a5f37bc8006','1374322','11044','RB',44.73370618422826,NULL,NULL,NULL),('29339','22179','63842','RM',1.9022449334462483,NULL,NULL,NULL),('29bbe4ee-9170-46e0-83f5-ad4fed63e6b8','1994303','14357','GK',21.41666728258133,NULL,NULL,NULL),('29bd152c-3e8a-410d-b657-7d06bad56c5a','1374322','95230','LCF',44.73370618422826,NULL,NULL,NULL),('2a326f5f-73e6-4f1a-a5e9-09a515887955','3429941','95230','RCF',32.96225870052974,NULL,NULL,NULL),('2aed59f8-b310-48ee-a2b1-0fcefb8ce741','87372','76112','RCM',76.58333390156427,NULL,NULL,NULL),('2b97179a-69b0-4d44-a436-288b41e46f9a','8186027','91830','RB',42.65341358184814,NULL,NULL,NULL),('2bbad1fb-93e9-434b-8c24-19ccde2518cf','1374322','33605','RM',30.016667397816978,NULL,NULL,NULL),('2c0dc90f-c397-4d1b-88ce-e1330d24a410','3429941','20570','GK',32.96225870052974,NULL,NULL,NULL),('2c586079-82cd-46ed-a330-643f8d36b45e','8917981','49112','',1.1105639338493347,NULL,NULL,NULL),('2c78ffaa-0530-4cad-ac1e-3ac57c808b6a','8186027','39127','',21.10400280157725,NULL,NULL,NULL),('2c88345f-18d6-4c4c-ad95-355bab437545','83190','14357','LCM',11.966340800126394,NULL,NULL,NULL),('2ca6ab5a-bfbb-4db7-94b1-f829c49db8a5','2711144','89904','',3.8151941816012065,NULL,NULL,NULL),('2ccb325c-3580-41ae-a788-312bf9cdb153','3429941','33605','RM',17.643773766358695,NULL,NULL,NULL),('2d09b342-8554-4880-af61-0bfc78e41abb','4766924','89904','',0.9669955174128214,NULL,NULL,NULL),('2d1084b8-605d-4ce8-9af6-3bb4e67a87c8','6598708','10514','GK',27.129719734191895,NULL,NULL,NULL),('2d491701-4577-4645-9d47-2f74f2b94fa5','2669868','31178','CB',0.9257034182548523,NULL,NULL,NULL),('2d5bc2c5-d47c-4e0c-81f5-a5d619e52099','1349601','11044','RB',15.039112281799316,NULL,NULL,NULL),('2d7c795f-5a77-4f6b-929f-a07c9d932849','1374322','91830','',15.369030066331227,NULL,NULL,NULL),('2d84589a-b951-43e7-93b0-5dff2c296bc4','83190','75570','GK',14.672874414920807,NULL,NULL,NULL),('2dfc49f3-7025-41cf-b79c-db685d5a1283','1994303','68345','RCM',21.4166672984759,NULL,NULL,NULL),('2e9e0f52-0b22-4633-9ec3-3b8d8167f24b','4928605','75570','',32.031191698710124,NULL,NULL,NULL),('2eb955bd-8bbb-4962-9654-3f6156cab906','1994303','53364','GK',10.550000647703806,NULL,NULL,NULL),('2f1138f4-346b-4ecb-8f1e-2a424491585b','16168','92177','RCM',14.726995233694712,NULL,NULL,NULL),('2f17001a-4442-44db-aea3-8685f964e912','4766924','89613','',0.9669955174128214,NULL,NULL,NULL),('2f4eca11-b0f0-4dd2-9d1b-c8aaa2f542cf','83190','92177','LCM',15.260870933532715,NULL,NULL,NULL),('2f70e7e9-08da-4639-884f-4de49e897cfc','3429941','64298','CM',28.78581674893697,NULL,NULL,NULL),('2f859fd9-b49c-406b-aaf1-5f8d67564250','8186027','63842','RM',45.29108858505885,NULL,NULL,NULL),('2f95b321-7cfb-424b-b396-4ffe2f674c76','6598708','10514','GK',32.77434586683909,NULL,NULL,NULL),('2fac1322-6403-4606-b660-b872942ad1fa','3429941','95230','RCF',15.569920583566029,NULL,NULL,NULL),('2fc71bab-4532-4958-a375-767f59ff534d','8186027','15652','LM',21.10400280157725,NULL,NULL,NULL),('30196','78320','36048','LCM',1.4200515826543172,NULL,NULL,NULL),('301f85ba-1b4a-430e-8883-04f515a0aa84','3429941','63842','RM',28.78581674893697,NULL,NULL,NULL),('30232180-db38-404c-9862-a0cc6d195b62','1374322','20570','',0,NULL,NULL,NULL),('302ec601-6ea8-49fe-bbd3-656ffd625033','6598708','14357','DM',2.476282731691996,NULL,NULL,NULL),('30407','60053','36065','',14.972150198618571,NULL,NULL,NULL),('30426ed1-06aa-43cf-8121-c6e5c8ce1ec9','1374322','66233','GK',0,NULL,NULL,NULL),('304d89a6-7887-4028-bbf4-555e7525cdbc','9151984','98804','',0,NULL,NULL,NULL),('305d6245-fdd2-4088-91ed-ed44f19a6f02','2328312','99276','CAM',0,NULL,NULL,NULL),('30682','68413','36048','',1.7881985505421956,NULL,NULL,NULL),('306f8e77-5d85-49cb-a83d-a764804ba65e','1374322','63978','CM',44.73370618422826,NULL,NULL,NULL),('31367','37659','38483','CB',0.758744498093923,NULL,NULL,NULL),('31806','97652','31178','',16.17843808333079,NULL,NULL,NULL),('319843ec-d7fb-4ea4-8fa7-964754512260','8186027','95230','RCF',45.29108858505885,NULL,NULL,NULL),('32060208-4701-40f8-afa2-3d6f9adc8605','87372','89717','CF',78.97841076850891,NULL,NULL,NULL),('32203','22179','90896','',1.9022449334462483,NULL,NULL,NULL),('32329','68413','38483','CB',1.7881985505421956,NULL,NULL,NULL),('3245cfc5-6898-4261-9c25-89742b5543a3','6598708','83246','CAM',32.77434586683909,NULL,NULL,NULL),('3264fbdf-9a04-48ca-98bc-0fdcfbd9401f','16168','75570','',29.800000683466592,NULL,NULL,NULL),('32f4be94-abc4-423c-aa23-1c6dcc8c124a','1349601','20570','',44.30892496506373,NULL,NULL,NULL),('33008','60053','20570','LB',14.972150198618571,NULL,NULL,NULL),('33526d00-9856-47b0-b6f7-bef223ae26c7','83190','10514','RCM',11.389402349789938,NULL,NULL,NULL),('3354ea5b-432f-49ab-91b2-fe8350e7e7bc','3429941','20570','GK',28.642621250947318,NULL,NULL,NULL),('336cb920-014c-45ab-96f0-23354fb28f0a','1374322','90896','',0,NULL,NULL,NULL),('33b08cc9-4ee3-457c-9d39-b642068f4a43','3429941','90896','',28.642621250947318,NULL,NULL,NULL),('33feaabe-05af-4781-81a4-00ac5144ed79','6598708','68345','CAM',14.417308251063028,NULL,NULL,NULL),('3408b098-8990-4295-992e-1d66f7c87c53','1374322','39127','',0,NULL,NULL,NULL),('34431','60053','11044','LB',31.551131749153136,NULL,NULL,NULL),('34873','68413','89904','GK',1.7881985505421956,NULL,NULL,NULL),('34f4eefa-8c01-4c48-88bb-a365f144530c','87372','56970','',80.60892466704051,NULL,NULL,NULL),('350db04d-1ff3-4447-8436-d9198875e07b','8186027','90896','LM',31.58333398103714,NULL,NULL,NULL),('3546d879-294d-4260-924d-ad6894d02974','2711144','62504','CB',3.8151941816012065,NULL,NULL,NULL),('35af1c7b-671e-44c6-bfd1-6d0b5c978223','83190','14357','',14.672874414920807,NULL,NULL,NULL),('35b4c484-1614-4bc7-a6c8-fa72efbb787d','87372','50172','',78.97841076850891,NULL,NULL,NULL),('361de7fd-7133-43a8-be9e-bccb245c0381','9151984','29297','CF',0,NULL,NULL,NULL),('36871','22179','63842','CM',9.95182650089264,NULL,NULL,NULL),('37082','22179','15652','RCF',1.9022449334462483,NULL,NULL,NULL),('372d08e9-7126-4688-b4ea-3d28763368b4','6598708','83246','',2.476282731691996,NULL,NULL,NULL),('372d3c2b-6c77-406f-80dd-853524c89e4e','3429941','66233','',15.569920583566029,NULL,NULL,NULL),('37361','20953','58072','',0,NULL,NULL,NULL),('375ab72c-15dd-41dd-8069-46ccb38a3986','1349601','95230','CF',57.460390067100526,NULL,NULL,NULL),('3782e530-8182-43e8-969f-9fbcece8de41','1349601','63842','LM',57.460390067100526,NULL,NULL,NULL),('37dc8cd9-c035-4efb-82fd-a9ddac0e008d','87372','56970','',85.48236600160598,NULL,NULL,NULL),('382bc9a4-dd14-4a61-af1d-cac2c2985bd9','5585882','47620','CF',0,NULL,NULL,NULL),('38fca4a3-cc46-454a-b27e-ac5a8e380c9d','8186027','11044','CM',42.65341358184814,NULL,NULL,NULL),('390c2c26-9b69-4e01-8e86-16969fe6775a','16168','68345','CF',34.48178338209788,NULL,NULL,NULL),('3935c706-a7eb-4720-872a-7413581cf5fb','5382551','49112','',14.237554665406545,NULL,NULL,NULL),('3998588d-30ef-41a3-ad97-8f3acd443f13','16168','68345','RCM',20.41666736602783,NULL,NULL,NULL),('39bda805-2418-4ed8-a0cd-7737e9c4e392','8917981','26591','LCM',0,NULL,NULL,NULL),('39d752ec-2598-447f-8d88-a3c883bb0ae3','4766924','49112','RCM',0.9669955174128214,NULL,NULL,NULL),('39f853c0-943e-44e2-98f6-938e481f3ed7','87372','78840','RCF',80.60892466704051,NULL,NULL,NULL),('3a23fbcb-c9ff-4a85-bf34-939ecb7b51c2','8186027','64298','CM',15.541336750984192,NULL,NULL,NULL),('3a292c78-fa8b-4c8b-8a4f-2f92925f79ac','6598708','92177','DM',27.129719734191895,NULL,NULL,NULL),('3b166be8-ac49-49bb-872a-479d0b26f2df','3429941','33605','',28.642621250947318,NULL,NULL,NULL),('3b82e165-19e0-4ce8-a52a-d2482ac9a7b8','4766924','94689','LCM',0.9669955174128214,NULL,NULL,NULL),('3ba78eed-891d-4948-b55f-8952286126d9','2669868','94689','LCM',0.9257034182548523,NULL,NULL,NULL),('3bd7a166-f880-4cf9-a614-f35308e4dc1b','4928605','83246','GK',31.783334080378214,NULL,NULL,NULL),('3bd996cf-46b0-4f79-bf1b-38d95e8df7c4','3429941','95230','RCF',28.642621250947318,NULL,NULL,NULL),('3bfba270-77c2-4398-bd1a-103ede1c054b','87372','76112','',85.48236600160598,NULL,NULL,NULL),('3c3b6a13-685f-498b-82ba-6cfe33661921','1349601','95230','LCF',44.30892496506373,NULL,NULL,NULL),('3c818d5a-5576-41fe-9ff2-54e42822be27','1374322','91830','',57.67315428256988,NULL,NULL,NULL),('3c8ed57f-2f9a-4629-9e4f-24283118dca8','6485567','62504','GK',1.4734194159507752,NULL,NULL,NULL),('3d74433b-ab4a-4b8c-9f46-304fdd1dfc46','87372','44686','',78.97841076850891,NULL,NULL,NULL),('3d75a841-5489-44a7-a7f7-453fd264d670','87372','11137','LM',76.58333390156427,NULL,NULL,NULL),('3da271ad-e79c-4c98-9609-95a7e772c1d4','9517179','50679','',1.02270214955012,NULL,NULL,NULL),('3e1ceb1f-1607-4f7c-82fe-ea6a09298c69','8186027','15652','CF',51.63232083320618,NULL,NULL,NULL),('3e2f8603-d17e-4735-929a-816190d3e30d','87372','11137','LM',78.97841076850891,NULL,NULL,NULL),('3eb763a1-2640-40d5-8a3c-d72767603ac0','1349601','91830','RB',30.666667250792184,NULL,NULL,NULL),('3edff0f5-b467-446e-b864-621ad69828ee','16168','53364','',34.48178338209788,NULL,NULL,NULL),('3f41a2f6-ccf4-4e73-a818-4e60eb928bbd','4950330','58733','GK',0.8584164341290792,NULL,NULL,NULL),('3f5b6da2-db78-4d38-b4d0-157892e6d1dc','1374322','63978','',30.016667397816978,NULL,NULL,NULL),('40463c9e-5363-4b3a-98e3-4b7459f50755','8186027','63978','',51.63232083320618,NULL,NULL,NULL),('40778','60053','33605','RM',14.972150198618571,NULL,NULL,NULL),('40808','20953','16424','',6.267832398414612,NULL,NULL,NULL),('40816','20953','13411','CF',6.267832398414612,NULL,NULL,NULL),('409b3a21-569f-40e5-bed0-7c1e268ad6de','1349601','91830','RB',44.58548646767934,NULL,NULL,NULL),('40ad055d-5b17-47d2-a005-9284b1eb0369','1994303','75570','',32.000000683466595,NULL,NULL,NULL),('40fbdac8-d403-4a2e-bfcd-acf9e43ea2c3','1349601','39127','LM',30.666667250792184,NULL,NULL,NULL),('41076','20953','13411','',0,NULL,NULL,NULL),('41081','22179','93710','LM',1.9022449334462483,NULL,NULL,NULL),('410e6a0c-092b-4786-8e0b-cff1e794857b','8917981','62504','',0,NULL,NULL,NULL),('41248','68413','31178','LCM',1.7881985505421956,NULL,NULL,NULL),('4142b463-87bc-4fab-b8c4-52629d8a83ed','1994303','91931','RCM',32.000000683466595,NULL,NULL,NULL),('41538','3472449','49112','LCM',2.240363868077596,NULL,NULL,NULL),('41645','66348','89904','',4.884465050697327,NULL,NULL,NULL),('4164969c-6e38-462b-a712-6539f022c09e','9517179','36048','RCM',1.02270214955012,NULL,NULL,NULL),('41ed3964-7689-43dc-92a2-6f2bec5d7fca','83190','91931','',11.855714718500773,NULL,NULL,NULL),('4358827b-7bec-4ebe-a910-0073648e6a1e','8186027','95230','RCF',42.65341358184814,NULL,NULL,NULL),('439a4b38-cb8c-42ca-8a70-371b97191ec8','1374322','93710','RCB',57.67315428256988,NULL,NULL,NULL),('44201','22179','20570','GK',1.9022449334462483,NULL,NULL,NULL),('44668','60053','39127','RCF',14.972150198618571,NULL,NULL,NULL),('448d66b9-e8d8-437f-8075-c84ac2674d6c','16168','14357','RCM',10.30000053246816,NULL,NULL,NULL),('449275ff-0a7b-4a3c-b3d6-357ae0735826','1374322','66233','GK',43.95189483165741,NULL,NULL,NULL),('44954','97652','26591','',16.17843808333079,NULL,NULL,NULL),('44991','20953','91908','LCM',0,NULL,NULL,NULL),('44d49a2c-e9cb-4069-921b-0480aff4e845','83190','53364','',6.066905848185221,NULL,NULL,NULL),('45516','22179','64298','LM',9.95182650089264,NULL,NULL,NULL),('45620','20953','68701','CB',6.267832398414612,NULL,NULL,NULL),('45c7aaf8-b2fa-4864-a6fe-77864e2c175e','87372','56970','',6.266667250792185,NULL,NULL,NULL),('45d3f77a-55cc-4b27-b722-7d7e926e5d02','1349601','90896','',15.039112281799316,NULL,NULL,NULL),('46077','69630','92177','',3.3695857326189675,NULL,NULL,NULL),('46172','22179','63978','LCF',9.95182650089264,NULL,NULL,NULL),('46454','22179','95230','RB',9.95182650089264,NULL,NULL,NULL),('46463b3e-a625-42c2-b23e-52affe36121f','1994303','53364','CB',21.41666728258133,NULL,NULL,NULL),('46b631ff-b573-4466-886f-8315d8950921','83190','14357','RCM',11.855714718500773,NULL,NULL,NULL),('46f41b6e-8d5d-482b-8c90-1a3a7d58612f','1374322','36065','',15.369030066331227,NULL,NULL,NULL),('46f5cfc3-086d-4b2f-affc-2344505caa0b','3429941','33605','',21.470880834261575,NULL,NULL,NULL),('470bf456-8754-41f6-baa8-26b10e434307','1374322','91830','RB',30.016667397816978,NULL,NULL,NULL),('470c1fc3-b0f6-4596-9ab9-82d6e28d8046','87372','96769','LCM',82.54248181581497,NULL,NULL,NULL),('47189','19710','89613','CF',4.723019234339396,NULL,NULL,NULL),('47541','60053','91830','RB',14.972150198618571,NULL,NULL,NULL),('47559','69630','14357','',3.3695857326189675,NULL,NULL,NULL),('47579','22179','33605','CB',9.95182650089264,NULL,NULL,NULL),('47b1aeb5-abab-4428-866e-598cc15e0dd9','2328312','75370','CM',0,NULL,NULL,NULL),('4845d7c5-d873-4e7d-9674-35ce9c04382a','4950330','38310','CF',0,NULL,NULL,NULL),('49878','20953','90430','LCM',6.267832398414612,NULL,NULL,NULL),('49d62b34-ffa4-4bfd-8d03-c7085c2715b5','3429941','66233','',28.642621250947318,NULL,NULL,NULL),('4a8485d9-fc06-4a5d-8737-84890611b585','3429941','95230','RCF',28.78581674893697,NULL,NULL,NULL),('4a87c1b6-2966-4912-acc9-6c639fdba9e7','8186027','33605','',51.63232083320618,NULL,NULL,NULL),('4a94875f-570e-410e-a6e5-6b4f56dd22f3','8186027','36065','LCF',21.10400280157725,NULL,NULL,NULL),('4ad34170-50b0-40e4-b955-f20dfabc1f8c','83190','91931','',11.966340800126394,NULL,NULL,NULL),('4b167abc-920c-411e-b5f4-1678bd7c5ea0','1994303','53364','CB',32.00000071525574,NULL,NULL,NULL),('4b19e09b-fe51-4f2c-9225-5342a7bbab30','1349601','90896','',30.666667250792184,NULL,NULL,NULL),('4b3176c5-60ea-4257-963d-064c01ad5475','1349601','63842','LM',44.58548646767934,NULL,NULL,NULL),('4b6e490d-85d6-4295-8854-187869651925','90345','10514','',30.683333865801494,NULL,NULL,NULL),('4b74ebfb-fb5f-4a06-991a-fcafcd0d096f','8186027','15652','LM',21.863567066192626,NULL,NULL,NULL),('4c279d4e-1a6b-4e63-b29c-427abfab2de5','5140449','25078','',0,NULL,NULL,NULL),('4c4e449a-8cea-412a-b88c-4ffc19a0ffd0','8186027','90896','',51.63232083320618,NULL,NULL,NULL),('4c8987df-90ce-4ed2-99f7-d0c13111c548','1349601','33605','RM',44.30892496506373,NULL,NULL,NULL),('4c8af179-6cdb-4005-8670-cf0a6abe97b7','8917981','36048','RCM',0,NULL,NULL,NULL),('4d6e15cd-1c7e-4a2d-8253-d176db3ffdfc','87372','59007','RM',69.71846251487732,NULL,NULL,NULL),('4efdeb04-0b08-41d0-9f97-f5d7d87825fd','2711144','89613','',3.8151941816012065,NULL,NULL,NULL),('4f0c6df6-99d2-454c-a888-692a1b682a4f','3429941','63842','RM',28.642621250947318,NULL,NULL,NULL),('4f3f8209-4f09-4a27-afe0-11344567d9da','1994303','14357','GK',32.40569976568222,NULL,NULL,NULL),('4f4d3943-5ac7-4427-a428-206e8bfb84f2','87372','78840','RCF',69.71846251487732,NULL,NULL,NULL),('4f5cff3d-6ccd-46aa-943e-d599e63d1f49','87372','59007','',85.48236600160598,NULL,NULL,NULL),('4f810635-4224-4ea8-b7dc-7a39e9d93564','4950330','81869','CF',0.8584164341290792,NULL,NULL,NULL),('4fa99b5a-2e5a-45fb-833c-886abd86ed4b','4766924','47850','',0.9669955174128214,NULL,NULL,NULL),('5014d92b-970f-4e3b-8c62-a8a135e7293f','83190','68345','LCM',14.672874414920807,NULL,NULL,NULL),('506a791c-fe15-45ea-9347-c7a656e358b6','2328312','28107','GK',0,NULL,NULL,NULL),('509b2413-b7d3-4ea1-8f24-252d5c21a96e','87372','78840','',76.58333390156427,NULL,NULL,NULL),('50f5905f-9552-4c5e-93c7-f38f1aaa63ac','2669868','47850','',0.9257034182548523,NULL,NULL,NULL),('51096614-efe3-44b4-9eeb-fcaed7fdc8ee','83190','68345','CB',15.260870933532715,NULL,NULL,NULL),('51427eba-97a9-4a0a-b84e-8692ee570177','6485567','31178','CF',1.4734194159507752,NULL,NULL,NULL),('515c6e0e-6753-45fe-b496-21f4adafce9c','83190','10514','RCM',14.672874414920807,NULL,NULL,NULL),('51a4e79a-80bc-413e-80f2-99408b14b08e','9517179','47850','LCM',1.02270214955012,NULL,NULL,NULL),('52005b5d-7c7b-4e74-b989-5a15aa699f16','5382551','47850','CB',14.237554665406545,NULL,NULL,NULL),('522860d0-d059-4f83-99b3-d9894bdf4891','1374322','11044','RB',43.95189483165741,NULL,NULL,NULL),('527f80e9-117c-424d-9650-3538311e3bd5','5585882','70140','GK',0,NULL,NULL,NULL),('52801','66348','26591','',4.884465050697327,NULL,NULL,NULL),('528a745f-36b0-4031-9139-2d90d3c7d3be','8186027','33605','',31.58333398103714,NULL,NULL,NULL),('52a7c928-5f13-44b2-acea-04c24ced2812','2711144','47850','RCM',3.8151941816012065,NULL,NULL,NULL),('52f2f59d-b4e2-4c37-8cf0-ba5191931e22','4636166','94689','LCM',0.980570117632548,NULL,NULL,NULL),('533f14c0-51a1-4bb3-ba96-6d1c21fbb500','6485567','38483','',1.4734194159507752,NULL,NULL,NULL),('53469','37659','94689','',0.758744498093923,NULL,NULL,NULL),('53663fcb-4d8e-4c49-8a40-21280e910f00','5585882','31326','RCAM',2.770353166262309,NULL,NULL,NULL),('53667ce8-fe63-4bee-8cb6-b927a0a65315','3429941','39127','',28.642621250947318,NULL,NULL,NULL),('53753107-73df-4d88-8d50-c8e25881aad9','1374322','63842','',15.369030066331227,NULL,NULL,NULL),('53de7d95-a448-4e80-9533-066e50b0748d','1349601','33605','RM',30.666667250792184,NULL,NULL,NULL),('53fad902-3875-4973-92c2-089453ffb9c3','3429941','91830','RB',17.643773766358695,NULL,NULL,NULL),('545928ce-0570-41b8-a403-fa4e465a76b0','3429941','95230','RCF',21.470880834261575,NULL,NULL,NULL),('5472a3fe-a895-4e3a-b266-90b4751c049d','4928605','68345','CB',32.031191698710124,NULL,NULL,NULL),('54783','3472449','36048','',2.240363868077596,NULL,NULL,NULL),('5496cb5b-0936-4fda-9306-bd7b476e682d','2711144','26591','',1.0212652842203775,NULL,NULL,NULL),('54ca3819-440a-4a26-9b83-add1831f4e2c','6598708','10514','GK',14.417308251063028,NULL,NULL,NULL),('54e4e0f7-4072-4d72-812f-991e30d042c7','4928605','92177','',31.783334080378214,NULL,NULL,NULL),('550ee06b-11a5-47d3-bdde-84d2fc510218','1994303','75570','LCM',34.2461402018865,NULL,NULL,NULL),('55139','22179','11044','',1.9022449334462483,NULL,NULL,NULL),('55147','78320','89904','',1.4200515826543172,NULL,NULL,NULL),('556769f0-8b44-4c97-b3b4-03f9584ad171','4928605','53364','CF',10.98333398103714,NULL,NULL,NULL),('558cbd54-f178-42c4-850c-688cb24fd6a6','9151984','36778','RAM',0,NULL,NULL,NULL),('56033fe1-4b75-4944-a4ff-0b6e6133da68','8186027','33605','',15.541336750984192,NULL,NULL,NULL),('5610ebdc-5482-433a-8c08-6376f1c77e49','1349601','63978','',44.58548646767934,NULL,NULL,NULL),('5635a34a-06be-41a9-96f3-9f76e7f67381','2711144','49112','CF',1.0212652842203775,NULL,NULL,NULL),('56639','22179','91830','',1.9022449334462483,NULL,NULL,NULL),('5689c186-0865-40e0-98b7-4a7a4ff88b22','1349601','11044','CB',30.666667250792184,NULL,NULL,NULL),('56df56de-5c5b-402d-9b02-ff5cb9d564e4','5585882','10765','',2.770353166262309,NULL,NULL,NULL),('5778cb70-43d0-4f67-a2b5-94517d95613c','1374322','15652','CF',57.67315428256988,NULL,NULL,NULL),('57b98d54-3fc4-44ef-8b6f-645b5d13933d','2711144','31178','',3.8151941816012065,NULL,NULL,NULL),('58208e02-9c89-472d-91eb-4ace6bb626fb','8186027','64298','',45.29108858505885,NULL,NULL,NULL),('58467','60053','91830','RB',31.551131749153136,NULL,NULL,NULL),('58588','60053','63842','',31.551131749153136,NULL,NULL,NULL),('58db3d4d-1794-4536-b5b4-88e2b941a74c','1374322','11044','CB',30.016667397816978,NULL,NULL,NULL),('58f2e97e-faea-49c2-abe1-a6f0ada1c826','1994303','68345','CB',10.550000647703806,NULL,NULL,NULL),('59095e71-5338-4dfc-8966-45b6828f71c0','1374322','63842','',57.67315428256988,NULL,NULL,NULL),('5928af84-de2a-4b88-a6b1-bef8086022da','5585882','38916','LCB',2.770353166262309,NULL,NULL,NULL),('59595','22179','91830','',9.95182650089264,NULL,NULL,NULL),('59744','37659','26591','',0.758744498093923,NULL,NULL,NULL),('59a685af-9a0c-463a-afb7-f0334b986348','16168','10514','',20.41666736602783,NULL,NULL,NULL),('59a7a17f-21dc-4d6f-9998-018685ede99d','6598708','75570','',14.417308251063028,NULL,NULL,NULL),('59d1812d-f105-4a6d-8b10-d3e068ee574b','6598708','92177','DM',32.77434586683909,NULL,NULL,NULL),('5a5cad2f-9eb9-49ba-88a6-a317f9cb8101','1374322','63978','',43.95189483165741,NULL,NULL,NULL),('5ac53b97-ab5e-467a-8268-d4bbf5d24dd1','6598708','75570','LM',2.476282731691996,NULL,NULL,NULL),('5ae6a3f2-fbcb-493d-9d3a-be53b1148e45','6598708','53364','',2.476282731691996,NULL,NULL,NULL),('5b29ad84-600d-4e9f-9ef7-b8472d6bd7b0','1349601','63978','',57.460390067100526,NULL,NULL,NULL),('5b680f44-0648-4e08-891e-2743bb713aa3','87372','78840','',82.54248181581497,NULL,NULL,NULL),('5b6c0a4c-f29f-4a8b-ba28-ac4b0d1bad41','8186027','11044','CB',15.541336750984192,NULL,NULL,NULL),('5bdcfa6e-25a5-44df-832d-1b8aef99cbd9','1349601','93710','CB',44.58548646767934,NULL,NULL,NULL),('5bfb708e-c9b2-4c44-a089-dc4a8460bd57','87372','50172','RCF',82.54248181581497,NULL,NULL,NULL),('5c56c6bd-95d4-4dd5-8b2c-417da636d207','90345','91931','',20.11666721900304,NULL,NULL,NULL),('5cd0ea75-9af8-4957-9aa7-d072cc659c89','2328312','79732','',0,NULL,NULL,NULL),('5ce79690-32b6-450a-8f52-045b04345558','2669868','89904','RCM',0.9257034182548523,NULL,NULL,NULL),('5d06f5f7-152d-4777-bea2-35c9475fb306','8917981','94689','CF',0,NULL,NULL,NULL),('5d2dc1cb-d2e7-44d5-9d87-b5d00244e13c','1349601','93710','',30.666667250792184,NULL,NULL,NULL),('5df10742-539a-446c-84e1-5de5adc4dd5a','8186027','15652','LM',45.29108858505885,NULL,NULL,NULL),('5e38d1a1-1e77-448e-a30f-549a42c967d8','1374322','39127','LCB',57.67315428256988,NULL,NULL,NULL),('5e4e6c71-0e30-4225-a264-185bdaf343f1','1374322','93710','CB',0,NULL,NULL,NULL),('5e9ccb42-d9fd-4c43-8469-2bcaee27000f','6485567','47850','',1.4734194159507752,NULL,NULL,NULL),('5eaeda1c-7d34-4946-9b9a-95aa63875fb6','8186027','20570','',42.65341358184814,NULL,NULL,NULL),('5ed65b52-744e-4f43-87a0-39d279544cde','3429941','64298','CM',28.642621250947318,NULL,NULL,NULL),('5ee1b24c-7580-4ff6-a0c8-50bbba6ec1bc','1374322','36065','RCF',57.67315428256988,NULL,NULL,NULL),('5f257cf2-d09c-4021-9040-f7e24a9bf6cf','83190','92177','',11.966340800126394,NULL,NULL,NULL),('5f99bff0-4bb0-47f1-842c-d809ff54b6b9','1374322','39127','LB',30.016667397816978,NULL,NULL,NULL),('60014','69630','68345','LCM',3.3695857326189675,NULL,NULL,NULL),('60029','37659','36048','LCM',0.758744498093923,NULL,NULL,NULL),('60039e09-f951-4ac1-82df-eeb4e98b9df5','87372','50172','RCF',76.58333390156427,NULL,NULL,NULL),('60045','69630','10514','RCM',3.3695857326189675,NULL,NULL,NULL),('60126a56-adae-424c-9157-959f4888809c','1994303','10514','',32.40569976568222,NULL,NULL,NULL),('60129c5e-e085-4b6b-97ac-f9749afd406b','6598708','75570','',32.77434586683909,NULL,NULL,NULL),('6068b4a8-6f7c-4518-8fde-4c4ad86439db','90345','83246','CB',30.683333865801494,NULL,NULL,NULL),('60963','22179','66233','LB',1.9022449334462483,NULL,NULL,NULL),('609ba4d4-d82f-4e61-a43d-229078c30c38','8186027','63978','',15.541336750984192,NULL,NULL,NULL),('609da4fe-7b71-49fe-8a59-d750fe816db9','3429941','11044','',32.96225870052974,NULL,NULL,NULL),('61062','78320','26591','',1.4200515826543172,NULL,NULL,NULL),('6137f982-03ce-4cba-bd8b-b50466d9d3d8','87372','41829','',78.97841076850891,NULL,NULL,NULL),('61a1e458-6c08-4328-9afe-d1f541264cbe','8186027','93710','CB',45.29108858505885,NULL,NULL,NULL),('62171','60053','66233','GK',14.972150198618571,NULL,NULL,NULL),('62642c22-aeff-45ca-a8c1-5dfa35cefbbc','1994303','14357','GK',32.000000683466595,NULL,NULL,NULL),('62790','78320','89613','CF',1.4200515826543172,NULL,NULL,NULL),('62825','19710','36048','',4.723019234339396,NULL,NULL,NULL),('62bdf25c-6add-4de2-a08b-8b5e27ca72ea','87372','50172','',69.71846251487732,NULL,NULL,NULL),('6301ec4f-c8aa-43e7-9716-73dfd195955e','9151984','44106','GK',0,NULL,NULL,NULL),('63324','78320','49112','',1.4200515826543172,NULL,NULL,NULL),('63434b91-ce85-49f6-9177-d328b9e45e19','1374322','20570','',57.67315428256988,NULL,NULL,NULL),('63458','22179','66233','LB',9.95182650089264,NULL,NULL,NULL),('636b88fe-68c9-4fd4-ac40-6d2baf515a28','3429941','15652','LM',28.642621250947318,NULL,NULL,NULL),('64367','22179','90896','',9.95182650089264,NULL,NULL,NULL),('643ccc70-128b-44e8-9000-270dfaa0dca8','3429941','63978','',32.96225870052974,NULL,NULL,NULL),('644a67c0-4383-4394-8627-d768ec7703ea','1349601','39127','',15.039112281799316,NULL,NULL,NULL),('646826e4-37b3-4280-a4e9-66f2e8b1a72b','1349601','66233','GK',44.58548646767934,NULL,NULL,NULL),('648835b6-19df-4d0e-84f7-ab8605d0e92b','16168','53364','',10.30000053246816,NULL,NULL,NULL),('64e64010-c8f1-491e-9f25-bb28e8e77190','83190','14357','LCM',6.066905848185221,NULL,NULL,NULL),('6503a0c2-fe08-489f-8265-047bc6dc8223','4928605','14357','CB',21.55000066757202,NULL,NULL,NULL),('65144','20953','90430','',0,NULL,NULL,NULL),('66249','20953','58072','RCM',6.267832398414612,NULL,NULL,NULL),('66483','97652','36048','',16.17843808333079,NULL,NULL,NULL),('6671a2f9-9153-41c3-8db8-39df3920b242','1994303','91931','',34.2461402018865,NULL,NULL,NULL),('66816','99082','94689','',2.3612667004267376,NULL,NULL,NULL),('66fd03ee-ff8a-479b-a4af-af316404135c','4928605','92177','LCM',10.98333398103714,NULL,NULL,NULL),('6767e990-433f-4a23-af70-515c556e227a','16168','14357','',34.48178338209788,NULL,NULL,NULL),('67681643-2596-4f41-81c6-93dae58e07f9','5585882','31806','',2.770353166262309,NULL,NULL,NULL),('67998b06-3a56-4a15-ac0e-de5eecd1e83a','1994303','75570','',21.41666728258133,NULL,NULL,NULL),('67cdc139-ebea-4697-904f-763633c995e7','1374322','63842','',0,NULL,NULL,NULL),('68093a32-ca1d-4f82-80b1-0fda464d263b','2711144','50679','',1.0212652842203775,NULL,NULL,NULL),('68945','19710','26591','',4.723019234339396,NULL,NULL,NULL),('689669a3-fe36-4981-a9e6-a6800dab8769','8186027','20570','LB',15.541336750984192,NULL,NULL,NULL),('68f59621-5556-4ca7-9dc0-1c853d54b9c9','8186027','33605','',21.10400280157725,NULL,NULL,NULL),('68fec81a-3db9-447a-9efb-0cfaac6331e7','1374322','39127','LB',43.95189483165741,NULL,NULL,NULL),('692edda5-41cb-4af8-957f-fc9fd0f2e50a','3429941','11044','LB',15.569920583566029,NULL,NULL,NULL),('69331','66348','62504','GK',4.884465050697327,NULL,NULL,NULL),('6952f8a0-644e-440f-b932-12fdaf947235','1374322','15652','LCF',30.016667397816978,NULL,NULL,NULL),('6978da83-cb07-4d48-a33e-95f3ccd0a7e9','90345','53364','RCM',20.11666721900304,NULL,NULL,NULL),('69991','41049','10514','RCM',0.38333191474278766,NULL,NULL,NULL),('6a8555de-0dc5-4b8b-b634-a559e3ebde0b','83190','75570','GK',6.286126232147216,NULL,NULL,NULL),('6a8a7cc9-567b-4201-ae15-542a4a407408','87372','56970','',82.54248181581497,NULL,NULL,NULL),('6abe2142-1abb-499d-8f3f-dd90897da58c','1994303','10514','',34.2461402018865,NULL,NULL,NULL),('6adfd2fb-356c-4f8d-855f-c478f3efc4f9','2711144','49112','CF',3.8151941816012065,NULL,NULL,NULL),('6b664d94-0851-48b8-a64c-13069034676b','5382551','26591','',14.237554665406545,NULL,NULL,NULL),('6b6d9c4d-895e-41e2-8d18-f07c8006ba65','8917981','38483','GK',0,NULL,NULL,NULL),('6c13980d-475c-4033-b808-a77819a9f57b','83190','91931','',6.286126232147216,NULL,NULL,NULL),('6c398e1b-090b-4e4c-ae8d-d9301e747bf7','8917981','26591','',1.1105639338493347,NULL,NULL,NULL),('6c3a483d-8e57-4b05-9ff0-cb22fb6f4be4','5140449','41829','RCB',0,NULL,NULL,NULL),('6c8bd36c-583f-4576-a9cf-5a4e50b2476b','1374322','15652','RM',44.73370618422826,NULL,NULL,NULL),('6d0db616-829b-41e6-aad9-33ca2c9eb370','1349601','39127','LCF',44.58548646767934,NULL,NULL,NULL),('6d1c8196-8911-42c1-bdbf-607c7f08e850','16168','10514','LCM',29.800000683466592,NULL,NULL,NULL),('6df63a01-0f0f-4fdf-8888-34f0396864b8','83190','83246','RCM',6.286126232147216,NULL,NULL,NULL),('6e7043f2-3407-40af-8f4a-23afd1bbef48','1349601','64298','CM',15.039112281799316,NULL,NULL,NULL),('6f4052d2-2f4a-4994-8174-6095144fa060','1994303','75570','',32.00000071525574,NULL,NULL,NULL),('6f53e0af-71df-4580-8ab1-5f88033cbe32','5585882','55779','CM',0,NULL,NULL,NULL),('6f857bd1-d718-4aba-868d-b50c6bc1f723','4928605','68345','',21.550000683466592,NULL,NULL,NULL),('6fa612e4-90ab-4d2f-bca7-1f218885ab6f','4928605','92177','',21.550000683466592,NULL,NULL,NULL),('6fb4ded1-993a-4f1a-875c-fac454d681bb','8186027','91830','',21.10400280157725,NULL,NULL,NULL),('6fd5020b-4142-4d9e-8a41-768a91e13c4b','6485567','50679','',1.4734194159507752,NULL,NULL,NULL),('6ffca4e1-2b55-4e8e-a568-52ebeba8b198','4950330','23146','',0,NULL,NULL,NULL),('70133','41049','83246','CF',0.38333191474278766,NULL,NULL,NULL),('702b3784-ef78-40a2-ba22-d0c9761b772f','83190','83246','CF',11.389402349789938,NULL,NULL,NULL),('70328','68413','49112','',1.7881985505421956,NULL,NULL,NULL),('70929','68413','26591','',1.7881985505421956,NULL,NULL,NULL),('712f1fed-9023-4e9e-a97e-5b60066bca57','1374322','63978','CM',57.67315428256988,NULL,NULL,NULL),('716e2706-59e1-4e80-bcb3-750513180b5b','87372','50172','',6.266667250792185,NULL,NULL,NULL),('717ee76c-2c21-47a6-8731-153e6a4141cf','3429941','90896','LM',28.78581674893697,NULL,NULL,NULL),('7197fe22-a92e-4117-bbd3-60b2a994de13','2711144','89613','',1.0212652842203775,NULL,NULL,NULL),('72117','97652','94689','GK',16.17843808333079,NULL,NULL,NULL),('72237','60053','20570','',31.551131749153136,NULL,NULL,NULL),('723a3fd4-326a-44f5-87c5-3abd8f30a324','83190','83246','CF',15.260870933532715,NULL,NULL,NULL),('725fb13b-52fc-49c9-bfd8-e7dcafece9cb','16168','75570','',10.30000053246816,NULL,NULL,NULL),('72dc7728-5a15-4675-be74-f3ea73cd5d7d','8186027','64298','CM',21.863567066192626,NULL,NULL,NULL),('732686ce-e788-4569-8ca1-564ef986bc88','4928605','83246','GK',32.031191698710124,NULL,NULL,NULL),('7350b63a-0a0e-4551-b345-a91a66d8d271','16168','14357','CB',14.726995233694712,NULL,NULL,NULL),('73514751-235b-4eb4-8337-9bee1fb3dd29','3429941','15652','',15.569920583566029,NULL,NULL,NULL),('7362f02b-740c-404f-ba64-3df9b30d6bf6','3429941','66233','',21.470880834261575,NULL,NULL,NULL),('73df9e81-4bdb-4883-8fa4-22f9269a7741','87372','59007','RM',80.60892466704051,NULL,NULL,NULL),('73f433f1-a7f5-47f9-a63b-58b74e09714a','87372','41829','LCF',82.54248181581497,NULL,NULL,NULL),('73fd1918-854c-43bf-8118-0097f291b19a','1994303','68345','',32.00000071525574,NULL,NULL,NULL),('74057a1b-2eae-46fe-9ee7-88265c40d28e','8186027','36065','LCF',42.65341358184814,NULL,NULL,NULL),('74324','78320','31178','CB',1.4200515826543172,NULL,NULL,NULL),('74579','69630','91931','CB',3.3695857326189675,NULL,NULL,NULL),('7479e587-f9f4-44ab-90d6-d620a656844d','3429941','93710','CB',17.40661366780599,NULL,NULL,NULL),('7491a355-d196-4f68-99ab-d3878ffc59f9','87372','41829','LCF',76.58333390156427,NULL,NULL,NULL),('74a7a242-667f-4816-89d8-ebaefffa7ae6','3429941','36065','LCF',17.40661366780599,NULL,NULL,NULL),('75054','20953','91302','',6.267832398414612,NULL,NULL,NULL),('752ab95c-cc2d-47a6-878d-8316c109b0c5','83190','10514','CF',11.966340800126394,NULL,NULL,NULL),('7544147e-fadc-4c88-b412-66c6c9a6eb85','1994303','10514','',21.4166672984759,NULL,NULL,NULL),('75660','19710','94689','GK',4.723019234339396,NULL,NULL,NULL),('7585b46f-3d7e-4b0c-90ee-f84c4ab4e1ad','1349601','63842','RCF',30.666667250792184,NULL,NULL,NULL),('75f0d5f6-4763-4614-a106-a12c43e8215a','2711144','38483','LCM',3.8151941816012065,NULL,NULL,NULL),('7602e5bb-8a7b-4733-95e7-a3cc30ea44d1','6598708','92177','GK',2.476282731691996,NULL,NULL,NULL),('7625a508-02fc-452b-8af8-b201be7cd897','8917981','89613','',0,NULL,NULL,NULL),('763dd400-bd7a-480b-aac3-6442dde16d6f','4928605','14357','',31.783334080378214,NULL,NULL,NULL),('76490','66348','31178','',4.884465050697327,NULL,NULL,NULL),('764a76ee-c22d-4d2a-8a28-0ab54f52e6f6','90345','10514','CF',20.11666721900304,NULL,NULL,NULL),('76916','60053','39127','RCF',31.551131749153136,NULL,NULL,NULL),('771de717-0123-4793-8392-8c52b181661a','1374322','33605','RM',43.95189483165741,NULL,NULL,NULL),('77289','60053','93710','CB',14.972150198618571,NULL,NULL,NULL),('776300f0-c180-4a94-b60f-471196ac1519','4766924','62504','',0.9669955174128214,NULL,NULL,NULL),('77863','66348','94689','CB',4.884465050697327,NULL,NULL,NULL),('779d08a3-62aa-4f18-8e99-6f68fe3a059a','3429941','33605','RM',32.96225870052974,NULL,NULL,NULL),('787084ad-a661-4f31-b83f-c3cbb4f7fb1e','8186027','39127','',21.863567066192626,NULL,NULL,NULL),('787975f8-0693-4d6f-90e9-7b43bb420508','1374322','95230','LCF',57.67315428256988,NULL,NULL,NULL),('78989a1f-c220-44c1-9cb3-636588298bb1','1374322','91830','RB',0,NULL,NULL,NULL),('79724ae2-78ff-4896-9e0c-45c5471377d1','4636166','31178','',0.980570117632548,NULL,NULL,NULL),('7990fe16-0613-4942-9166-15bc28cf55da','1374322','64298','CM',43.95189483165741,NULL,NULL,NULL),('79a4afd2-6aa2-418d-b9ad-7e1bd6dd74c5','1374322','20570','',15.369030066331227,NULL,NULL,NULL),('79ee6173-46af-4ce4-beec-4e82a1e7f769','8186027','95230','RCF',51.63232083320618,NULL,NULL,NULL),('79fc816f-031b-47eb-8148-d6cfc33a229d','1349601','15652','',44.30892496506373,NULL,NULL,NULL),('7a033c39-cfec-4ab7-88d3-a814ff364218','8186027','63842','RM',42.65341358184814,NULL,NULL,NULL),('7a0c88ee-dfa3-4b2c-ac6c-ef3f87fb4986','4928605','14357','',32.031191698710124,NULL,NULL,NULL),('7a64cf1b-888d-4404-803b-3b1f606f6936','3429941','63978','LB',17.40661366780599,NULL,NULL,NULL),('7a7c514c-1aac-4019-b26e-07087340836e','1994303','83246','',10.550000647703806,NULL,NULL,NULL),('7afb04b1-dead-4ef0-b215-f4d0c5ecc630','9517179','26591','',1.02270214955012,NULL,NULL,NULL),('7b4b7aad-e464-4321-9f75-4bee492970fa','3429941','39127','',21.470880834261575,NULL,NULL,NULL),('7b5acfac-48d5-418e-b027-13c24ea142de','16168','53364','',14.726995233694712,NULL,NULL,NULL),('7b5eb11b-2c7e-4cb7-b2ee-11827edca012','87372','89717','CF',80.60892466704051,NULL,NULL,NULL),('7b934817-6f4a-4c70-b41c-3cd0a3f23147','1994303','83246','CF',21.4166672984759,NULL,NULL,NULL),('7bd5b2a6-1626-494a-9375-051c09544f60','16168','92177','GK',34.48178338209788,NULL,NULL,NULL),('7c53cf8b-0aea-47f8-a22b-78c7d07b7d44','9517179','38483','',1.02270214955012,NULL,NULL,NULL),('7d1352fb-b43f-43ba-966c-e7e0a47ac4f9','8186027','64298','CM',31.58333398103714,NULL,NULL,NULL),('7f5dc0b1-b7fe-4f7f-bd08-c7b4171b1f16','2669868','89613','',0.9257034182548523,NULL,NULL,NULL),('7f8e23e5-fd44-42f9-8e68-ff0d7a570b22','3429941','91830','RB',28.642621250947318,NULL,NULL,NULL),('7f964f9c-b01a-4068-b57f-f51a3a4e387b','3429941','39127','',32.96225870052974,NULL,NULL,NULL),('7fa79ed8-d873-4fa5-a073-797202489f18','2711144','47850','CB',1.0212652842203775,NULL,NULL,NULL),('7ff8fdbf-fea5-4c4b-bd6c-c441b0b747d7','5585882','55779','CM',2.770353166262309,NULL,NULL,NULL),('80081134-945d-484c-b845-47d8c5871e37','87372','16742','',69.71846251487732,NULL,NULL,NULL),('80119','22179','20570','GK',9.95182650089264,NULL,NULL,NULL),('80728a56-cfd4-4ecf-8790-ff2f4d5bc77d','2711144','94689','GK',3.8151941816012065,NULL,NULL,NULL),('80733','37659','89613','',0.758744498093923,NULL,NULL,NULL),('80b8e7b0-0375-4dbd-a0e3-63fd9e6ce8ed','3429941','93710','CB',28.78581674893697,NULL,NULL,NULL),('80f86810-d837-454a-9eae-981d1aea17dd','8186027','15652','RCF',31.58333398103714,NULL,NULL,NULL),('811b38a3-5729-49e4-96cb-5d75bcf7591c','2711144','50679','',3.8151941816012065,NULL,NULL,NULL),('81398','22179','36065','',9.95182650089264,NULL,NULL,NULL),('814e4ab9-1755-4e23-b90a-b78025f8127c','83190','10514','CB',6.066905848185221,NULL,NULL,NULL),('815af00a-d100-42e5-9b32-f84a9e8de08b','1374322','39127','LCF',15.369030066331227,NULL,NULL,NULL),('816c996a-fcfd-480f-904f-7b9b17611f81','16168','92177','GK',20.41666736602783,NULL,NULL,NULL),('820063bf-0bbd-4209-80d0-935b26595a1d','3429941','90896','',17.643773766358695,NULL,NULL,NULL),('82393804-4b74-4176-9097-1183042f27b3','1374322','15652','',15.369030066331227,NULL,NULL,NULL),('82505d1e-1dbc-4d4c-a10f-e156505385f7','4950330','78006','RCM',0,NULL,NULL,NULL),('82895','69630','53364','GK',3.3695857326189675,NULL,NULL,NULL),('82958','99082','89904','CF',2.3612667004267376,NULL,NULL,NULL),('82a4a0d1-51f8-4d86-93d9-1e6aedac1d2a','5585882','58748','DM',0,NULL,NULL,NULL),('82bed147-6410-40ed-a82d-74786aa1a9d8','6485567','26591','LCM',1.4734194159507752,NULL,NULL,NULL),('83075062-8ebb-4e24-8077-6409091fb3f5','3429941','15652','LCF',32.96225870052974,NULL,NULL,NULL),('84145392-968d-4762-ae75-48d64033ca6b','2328312','63481','RDM',0,NULL,NULL,NULL),('84279','66348','89613','LCM',4.884465050697327,NULL,NULL,NULL),('84348','66348','38483','',4.884465050697327,NULL,NULL,NULL),('844f0f50-21f3-4e9c-93a3-83dfaf222c4f','16168','53364','CB',29.800000683466592,NULL,NULL,NULL),('84664','20953','28019','GK',0,NULL,NULL,NULL),('8471f486-6242-4e92-8454-ed6c6f0d4933','87372','41829','',80.60892466704051,NULL,NULL,NULL),('84abfd4a-61bc-4c2f-bab4-b9103afbd3f3','3429941','33605','RM',17.40661366780599,NULL,NULL,NULL),('84bfde4c-50cd-4d1e-b801-969f56728596','1994303','92177','',32.40569976568222,NULL,NULL,NULL),('84c30280-a595-4bac-b4ee-a70cb6adc0c2','8917981','49112','',0,NULL,NULL,NULL),('84da6e4b-fa0c-44a2-9434-49d1f6fde3c4','83190','68345','LCM',11.389402349789938,NULL,NULL,NULL),('85298','22179','63978','LCF',1.9022449334462483,NULL,NULL,NULL),('85558','37659','62504','RCM',0.758744498093923,NULL,NULL,NULL),('85823','37659','49112','GK',0.758744498093923,NULL,NULL,NULL),('85efa57e-baa7-41f6-9974-f2cfc6a1b553','3429941','11044','',21.470880834261575,NULL,NULL,NULL),('86078','22179','33605','CB',1.9022449334462483,NULL,NULL,NULL),('86193','97652','49112','',16.17843808333079,NULL,NULL,NULL),('861d2cec-1248-42ab-a000-fc52b927dfd0','6598708','91931','',2.476282731691996,NULL,NULL,NULL),('86607','3472449','62504','',2.240363868077596,NULL,NULL,NULL),('86bd913b-78f1-4350-b159-e6e2a6277eca','8186027','91830','',21.863567066192626,NULL,NULL,NULL),('870b865d-c079-42c1-a986-fd9acec0196c','9151984','20662','',0,NULL,NULL,NULL),('8737456f-f277-4604-991c-a9b6fca8fc0f','1349601','36065','',44.30892496506373,NULL,NULL,NULL),('8758c092-1985-4934-ba1b-2971571da42d','1349601','63842','LM',44.30892496506373,NULL,NULL,NULL),('87679','22179','39127','',9.95182650089264,NULL,NULL,NULL),('87874','20953','91302','CF',0,NULL,NULL,NULL),('87d0129f-16d1-4026-a72e-b99638a9cad9','5585882','58748','DM',2.770353166262309,NULL,NULL,NULL),('881b16d2-0adb-4de6-ad3f-247542362b3a','1374322','90896','LM',57.67315428256988,NULL,NULL,NULL),('88377','66348','36048','RCM',4.884465050697327,NULL,NULL,NULL),('8860cbd6-0c6f-4e41-a0cc-ce617ae594b2','8186027','66233','GK',51.63232083320618,NULL,NULL,NULL),('88b54ca1-70e0-4a19-9519-9aadd8191254','16168','92177','GK',29.800000683466592,NULL,NULL,NULL),('892664ca-8bc4-4e71-862a-226e8334753e','16168','14357','',20.41666736602783,NULL,NULL,NULL),('895b5c28-8d9a-419e-bad3-4d32bca71669','8186027','36065','LCF',45.29108858505885,NULL,NULL,NULL),('89857','68413','89613','CF',1.7881985505421956,NULL,NULL,NULL),('89bb8237-41a7-49b8-a014-eaa4cf2b55da','87372','11137','LM',6.266667250792185,NULL,NULL,NULL),('8a2d4bf3-c90b-45c2-99c2-db9a3038341c','4928605','53364','',21.550000683466592,NULL,NULL,NULL),('8aac68d2-2fea-48fe-92f5-be70c8626300','1374322','90896','LM',15.369030066331227,NULL,NULL,NULL),('8ab23463-46f2-4222-bef7-1527a51dbc9d','5382551','31178','LM',14.237554665406545,NULL,NULL,NULL),('8abc643f-65ff-40b0-8006-e1bdb5451cbb','1374322','95230','RCF',0,NULL,NULL,NULL),('8abe91b9-5c2c-45b8-bdfe-3bf2c7d34e56','4766924','36048','',0.9669955174128214,NULL,NULL,NULL),('8ae486f9-74f3-4f14-83f2-dd7ee21696f2','3429941','93710','CB',28.642621250947318,NULL,NULL,NULL),('8b4aa9f5-d29e-4f88-be41-327e5e2d588b','83190','53364','',15.260870933532715,NULL,NULL,NULL),('8b6be3dc-8f82-4bfa-8026-e4e4ed6ecc78','1349601','64298','CM',44.30892496506373,NULL,NULL,NULL),('8b819dfc-5996-4a87-9896-846e5fcfa894','5140449','50172','',0,NULL,NULL,NULL),('8beca831-7b19-43c6-830d-0c75d416b8ad','1374322','64298','',57.67315428256988,NULL,NULL,NULL),('8c3c4b1f-f379-4389-8e18-001eafa35fc7','1349601','15652','',44.58548646767934,NULL,NULL,NULL),('8e66912e-b213-4dad-a5c1-d881f0dd73f5','6598708','53364','',32.77434586683909,NULL,NULL,NULL),('8e8c9f7e-6d15-4aaa-b8b8-b7a433e13b36','1349601','93710','CB',15.039112281799316,NULL,NULL,NULL),('8ec05fee-33a9-4fff-9e85-fdf89421f664','6598708','14357','CAM',27.129719734191895,NULL,NULL,NULL),('8ef626fa-6528-4aab-bf4a-9f0cae3f73a5','8917981','89904','',1.1105639338493347,NULL,NULL,NULL),('8ef6e143-516f-4b8a-b26b-df881918824d','9151984','92202','LAM',0,NULL,NULL,NULL),('8f007762-858c-4583-b115-d806c80f0dad','87372','74722','',82.54248181581497,NULL,NULL,NULL),('8f45b503-171e-4350-bf3f-56a2cfdd103a','4636166','36048','',0.980570117632548,NULL,NULL,NULL),('8f62f09c-7c41-4132-9811-7df0add5736d','1374322','95230','RCF',15.369030066331227,NULL,NULL,NULL),('8f98e7d8-15ea-4886-8dc1-8c63355c2edf','83190','92177','CB',11.855714718500773,NULL,NULL,NULL),('8fd61fc5-903e-4fa4-9d22-b1a4ff19c6a3','5585882','10765','',0,NULL,NULL,NULL),('8ff9b5ca-cf6c-4679-af05-f616033377b0','1374322','36065','LCF',0,NULL,NULL,NULL),('90494a19-0254-4557-85d5-4935cd597ebe','2711144','62504','',1.0212652842203775,NULL,NULL,NULL),('9054f96d-c712-4e88-ba0d-a0340317772d','16168','83246','LCM',10.30000053246816,NULL,NULL,NULL),('905c3492-4c93-4321-bcd3-c89528ecd770','9517179','31178','CF',1.02270214955012,NULL,NULL,NULL),('90625','20953','91908','',6.267832398414612,NULL,NULL,NULL),('9108072e-180e-424f-bd4c-c381ed9cff73','8186027','11044','LCB',51.63232083320618,NULL,NULL,NULL),('91146','69630','83246','CM',3.3695857326189675,NULL,NULL,NULL),('919327b8-238f-4919-9632-dfd8a50639dd','2711144','36048','',1.0212652842203775,NULL,NULL,NULL),('91fb7529-4ff1-48a5-bb5c-2824d7471947','5585882','39737','',0,NULL,NULL,NULL),('92e130e3-114b-4931-9f6e-8bd6b283b8aa','3429941','39127','',17.643773766358695,NULL,NULL,NULL),('92e29ef4-659e-4a8f-b858-4410498ba143','90345','14357','GK',30.683333865801494,NULL,NULL,NULL),('92e7a196-be20-4d51-9b9f-c3a2c19dd594','6598708','53364','RM',0,NULL,NULL,NULL),('9343076c-1ff3-4c60-9e83-0b2585192c04','5382551','38483','GK',14.237554665406545,NULL,NULL,NULL),('93629','78320','38483','RCM',1.4200515826543172,NULL,NULL,NULL),('93fef3dc-72b5-4c0b-928e-80c5221b9052','3429941','33605','',15.569920583566029,NULL,NULL,NULL),('94133b1b-bfd8-4a3e-8ada-fcbf4039ef9f','1994303','10514','',32.00000071525574,NULL,NULL,NULL),('947d4f50-d720-4ddf-a05f-3f3cb00d6cd4','1349601','33605','RM',15.039112281799316,NULL,NULL,NULL),('94819','99082','31178','',2.3612667004267376,NULL,NULL,NULL),('94820','41049','91931','LCM',0.38333191474278766,NULL,NULL,NULL),('94c0e179-11cd-41ed-b3c3-d06b338137a2','90345','68345','',10.100000631809234,NULL,NULL,NULL),('95897a3e-7e5d-484e-973c-1ad59fae5ed7','83190','75570','GK',11.389402349789938,NULL,NULL,NULL),('95925','22179','39127','',1.9022449334462483,NULL,NULL,NULL),('959bb049-99db-4cb4-a925-d16217bf5cd5','1994303','83246','CF',32.40569976568222,NULL,NULL,NULL),('95b3a4d9-cbbb-4e2c-9fba-bf8e858e1ac4','5140449','56970','',0,NULL,NULL,NULL),('95f95c9c-f992-4903-ba86-8af41704c713','16168','91931','',14.726995233694712,NULL,NULL,NULL),('9627caee-1e6d-4d84-b507-81620c073b16','4950330','23146','CB',0.8584164341290792,NULL,NULL,NULL),('96414','60053','11044','',14.972150198618571,NULL,NULL,NULL),('96a1c3eb-4017-4371-a17e-293afd686d56','83190','75570','GK',15.260870933532715,NULL,NULL,NULL),('96e77a5c-d168-4baf-aa40-08e8a44a2eda','87372','11137','LM',80.60892466704051,NULL,NULL,NULL),('97092','60053','15652','LCF',31.551131749153136,NULL,NULL,NULL),('971debcd-c816-4a2b-8b91-614d490d7387','3429941','20570','GK',28.78581674893697,NULL,NULL,NULL),('97767','97652','89904','LCM',16.17843808333079,NULL,NULL,NULL),('97c5f793-62cd-4655-bcaf-ab152908a104','8186027','63842','RM',21.863567066192626,NULL,NULL,NULL),('98083','37659','31178','',0.758744498093923,NULL,NULL,NULL),('981432c3-7169-4561-88a5-9c67d57b98f9','8186027','91830','RCB',51.63232083320618,NULL,NULL,NULL),('98614','22179','11044','',9.95182650089264,NULL,NULL,NULL),('9876588a-ac4b-4daa-8742-7a4ebe52b778','83190','75570','GK',11.966340800126394,NULL,NULL,NULL),('98962','60053','95230','LCF',14.972150198618571,NULL,NULL,NULL),('98a14cfa-dda6-4c71-890f-ebc2ba307068','87372','59007','RM',78.97841076850891,NULL,NULL,NULL),('99619','22179','93710','RM',9.95182650089264,NULL,NULL,NULL),('997cc93e-c264-45ce-9863-65f346c1b2a3','1994303','14357','GK',32.00000071525574,NULL,NULL,NULL),('99911ebc-12cf-4b20-81a1-725360a630ad','1374322','63978','CM',15.369030066331227,NULL,NULL,NULL),('9993a2d5-b84d-45ce-b408-b9a47f870f5c','1349601','66233','GK',44.30892496506373,NULL,NULL,NULL),('9995264a-5f69-4a59-bd5d-bb782a155b22','4928605','91931','RCM',31.783334080378214,NULL,NULL,NULL),('99ad9711-d560-4192-88f3-0983621d5bd6','1374322','11044','LB',15.369030066331227,NULL,NULL,NULL),('99ae3746-a821-4462-b0e9-18a1c8b9efeb','8186027','15652','LM',42.65341358184814,NULL,NULL,NULL),('9a0d25a6-b37c-4386-89f8-104badbc7bf6','1349601','63978','',44.30892496506373,NULL,NULL,NULL),('9a49f43b-f440-451c-9265-82623d1b250d','3429941','63842','LM',17.643773766358695,NULL,NULL,NULL),('9a6eb6a5-745c-4bb9-b7c4-635a2fafaa83','9151984','36858','RWB',0,NULL,NULL,NULL),('9b102e83-1d5e-4e8c-8e2e-ef518123ee92','1349601','11044','LB',57.460390067100526,NULL,NULL,NULL),('9b4e534a-e54b-4bdf-b390-9a1479afa8b0','8186027','91830','RB',15.541336750984192,NULL,NULL,NULL),('9be76f20-a778-4fa8-baa4-51b2b1884df5','87372','16742','',80.60892466704051,NULL,NULL,NULL),('9c2fd472-c5aa-4366-b9e7-43065e65817a','87372','25078','RCM',85.48236600160598,NULL,NULL,NULL),('9c42fb41-32a3-4345-aefc-f64bb52a1bcf','8917981','50679','',1.1105639338493347,NULL,NULL,NULL),('9d72a2de-d6be-4511-a07e-71972f2bf2c8','87372','76112','RCM',6.266667250792185,NULL,NULL,NULL),('9d9766d6-782a-4fb6-b52f-e45b85f0207a','8186027','95230','RCF',21.10400280157725,NULL,NULL,NULL),('9dbb204e-7e57-4173-94d3-b2ffab1cbaf6','4636166','89613','CF',0.980570117632548,NULL,NULL,NULL),('9df9f710-9918-40a6-b69a-ac2a56998b20','4928605','14357','',10.98333398103714,NULL,NULL,NULL),('9e86c512-7a01-4ba6-acf6-ae0c17e996ee','87372','96769','LCM',6.266667250792185,NULL,NULL,NULL),('9f255bf3-dffa-4545-ab13-9fe0e2ec7510','87372','96769','',76.58333390156427,NULL,NULL,NULL),('9f27b84f-222a-4c85-868c-0b30ff42c979','1994303','91931','RCM',32.00000071525574,NULL,NULL,NULL),('9f9a896b-89f9-4fc6-9e5e-9bd4e6216776','83190','68345','RCM',6.066905848185221,NULL,NULL,NULL),('9fcf6462-27f5-4960-af2c-50d8830a912a','8186027','39127','RM',31.58333398103714,NULL,NULL,NULL),('a0c94b57-c404-4887-b6de-c107176ed599','5140449','44686','',0,NULL,NULL,NULL),('a12d2a81-5432-4377-a841-a6b94bc03b1a','87372','78840','RCF',6.266667250792185,NULL,NULL,NULL),('a1636e43-1e6e-44ed-ba66-d86a7475f81b','3429941','91830','RB',28.78581674893697,NULL,NULL,NULL),('a1816182-1d8b-4832-895f-b5f2d7391055','87372','59007','RM',82.54248181581497,NULL,NULL,NULL),('a1927cb0-b441-4d87-b93a-4818238e1b84','83190','10514','',11.855714718500773,NULL,NULL,NULL),('a19bd8a5-cbdf-4d8b-a096-542b31580510','83190','10514','RCM',15.260870933532715,NULL,NULL,NULL),('a1b13a25-555f-47b9-9181-f3e03983a7f3','3429941','90896','LM',15.569920583566029,NULL,NULL,NULL),('a1bac0d9-6840-42b4-98e6-9be3479a655c','1994303','83246','CF',32.000000683466595,NULL,NULL,NULL),('a1ca9262-35b0-43a2-a6df-104bb6100e6c','3429941','20570','GK',17.643773766358695,NULL,NULL,NULL),('a1da3bec-74d1-49c0-9262-3a729d951866','87372','96769','LCM',69.71846251487732,NULL,NULL,NULL),('a276ff4f-b64b-4b3a-8cb8-af811193bd2b','5140449','89717','GK',0,NULL,NULL,NULL),('a2bc54b2-079e-49ed-b42c-7068fd945672','6598708','92177','GK',0,NULL,NULL,NULL),('a3fa1cfe-ba3d-4c4d-a423-f39d8330cb93','2328312','42523','',0,NULL,NULL,NULL),('a41301f6-d7e0-4ec3-b08e-61d8eed1312b','3429941','63978','CM',15.569920583566029,NULL,NULL,NULL),('a4423086-68fc-4dde-a02e-e13b49ea6080','8186027','20570','LM',51.63232083320618,NULL,NULL,NULL),('a456826a-d03c-4122-9fe2-7290f4be021d','9517179','62504','CB',1.02270214955012,NULL,NULL,NULL),('a4812784-a73c-46c3-aedf-b49513a69216','3429941','66233','',17.643773766358695,NULL,NULL,NULL),('a54165fa-e6e7-43ca-9397-3b503cbaaec3','83190','53364','',6.286126232147216,NULL,NULL,NULL),('a57075ce-ae8a-4c71-9b22-7f31d2bd69dd','3429941','91830','RB',32.96225870052974,NULL,NULL,NULL),('a5cd858f-4e26-4f25-ab30-f72f86779d36','3429941','39127','',28.78581674893697,NULL,NULL,NULL),('a6bf5103-a4d7-4807-a42b-01029d678625','16168','83246','RCM',34.48178338209788,NULL,NULL,NULL),('a70dbad4-e5c8-4aed-a349-7f8d68dfb378','16168','83246','',29.800000683466592,NULL,NULL,NULL),('a72b30b6-7b3c-4aca-9e3f-cfb39195568f','87372','96769','',85.48236600160598,NULL,NULL,NULL),('a7592109-4bef-4a5b-b47e-d85a780a7739','90345','83246','',20.11666721900304,NULL,NULL,NULL),('a77f4a49-1dca-4a74-bfea-d953612741cf','90345','53364','RCM',30.683333865801494,NULL,NULL,NULL),('a782fc41-43f2-4e18-9840-ba83e816cfad','87372','89717','CF',82.54248181581497,NULL,NULL,NULL),('a7aa4ef9-8524-4577-9bb9-0d7488913daa','1374322','63842','',44.73370618422826,NULL,NULL,NULL),('a8549d21-1826-4476-a54b-a7ccca0e04d3','3429941','63842','RM',15.569920583566029,NULL,NULL,NULL),('a8971997-d709-4744-a623-4b8181cf63d5','5382551','89904','RM',14.237554665406545,NULL,NULL,NULL),('a8c4e13b-a101-4303-a707-b1d600e7cd12','1349601','15652','LCF',30.666667250792184,NULL,NULL,NULL),('a8e2664c-a5b7-4cbf-99bf-0d9ef85734d5','1349601','93710','CB',44.30892496506373,NULL,NULL,NULL),('a8e8bc70-b35c-44cd-b2a7-dc91d4ebe251','5585882','34231','RCB',0,NULL,NULL,NULL),('a9331fb3-57d6-4b4f-af26-13e79e056764','87372','44686','',69.71846251487732,NULL,NULL,NULL),('a95a41a5-e321-4ea3-aa3a-83b3c939024a','1994303','75570','RCM',10.550000647703806,NULL,NULL,NULL),('a96db3ae-5c59-4afa-82b1-ecb470659373','1994303','92177','',32.000000683466595,NULL,NULL,NULL),('a9754161-c129-45d1-bdde-d4b09f1b7632','16168','53364','LCM',20.41666736602783,NULL,NULL,NULL),('aa45a886-2281-4f7e-b458-282ba95f95de','16168','68345','GK',14.726995233694712,NULL,NULL,NULL),('ab1eb95b-b8e6-4aa0-a563-09e95fb089e8','8186027','20570','LB',21.10400280157725,NULL,NULL,NULL),('ab31b961-c107-4a80-bbb3-fa0bdfe0d5db','9517179','49112','',1.02270214955012,NULL,NULL,NULL),('ab7d5845-8995-44ff-ac60-c20717f38b91','83190','92177','',6.066905848185221,NULL,NULL,NULL),('ac3e060f-10e1-4813-9b08-90ffe74afa93','87372','74722','',76.58333390156427,NULL,NULL,NULL),('ac76f8cc-8087-4b91-b5f1-60a92c5bde58','9517179','89904','',1.02270214955012,NULL,NULL,NULL),('ad5ad54b-4098-4988-81b4-bc6da97f0744','3429941','63842','CM',32.96225870052974,NULL,NULL,NULL),('add631a3-b00a-42b8-bbee-47e6a99952dc','1349601','15652','',57.460390067100526,NULL,NULL,NULL),('adea87e0-2a60-4f5f-bd7e-24311183fa9e','3429941','11044','',17.643773766358695,NULL,NULL,NULL),('ae2abfd7-f0d9-4b82-8db0-76f6be4da1de','4928605','83246','GK',21.55000066757202,NULL,NULL,NULL),('aec9a108-58da-4189-bcd1-f4f18c5aa67c','87372','96769','',80.60892466704051,NULL,NULL,NULL),('af208197-c827-4cb5-8fcb-30fa8cfe1947','1374322','66233','GK',15.369030066331227,NULL,NULL,NULL),('af50d648-3059-486d-b1cc-22eaf9923635','3429941','64298','LB',32.96225870052974,NULL,NULL,NULL),('af5cf8fb-f5aa-4465-8725-8e806b160860','83190','92177','',11.389402349789938,NULL,NULL,NULL),('afbc6ba6-75ab-41b8-8c7f-40ac8b85eaac','5382551','36048','',14.237554665406545,NULL,NULL,NULL),('afd61cca-31f7-496e-a315-67ff7f3b2239','8186027','39127','CM',51.63232083320618,NULL,NULL,NULL),('b0135752-b81a-49d9-b604-9a4e34bf018a','8917981','50679','',0,NULL,NULL,NULL),('b039c134-14f5-4365-878c-12b2adfe8d72','3429941','36065','LCF',28.78581674893697,NULL,NULL,NULL),('b05b80bc-4415-49ac-8ad7-547888108319','4636166','89904','CB',0.980570117632548,NULL,NULL,NULL),('b0e3862d-2742-47cc-b13f-8ba1c7f59608','2669868','38483','',0.9257034182548523,NULL,NULL,NULL),('b214989c-0d58-497b-bf9b-cfc68a655ce4','2328312','77931','',0,NULL,NULL,NULL),('b2b6966c-3c56-47fc-9e95-65816ca053b4','5382551','50679','CF',14.237554665406545,NULL,NULL,NULL),('b2f4898b-2862-4693-acad-766eac85a4e1','5140449','96769','RCM',0,NULL,NULL,NULL),('b38ad780-f706-4466-9913-bb5c1e4d036e','83190','92177','',6.286126232147216,NULL,NULL,NULL),('b412f6c3-aea7-46b8-843f-c01c2ef32530','3429941','15652','RCF',17.40661366780599,NULL,NULL,NULL),('b4226aa2-618d-4b33-b808-a8025a9d3183','8186027','95230','RCF',15.541336750984192,NULL,NULL,NULL),('b44efbee-de19-49eb-b129-025b21bf2301','3429941','91830','RB',17.40661366780599,NULL,NULL,NULL),('b51b362b-14ef-4aa3-b1d5-acc3dab19c27','8186027','63978','',45.29108858505885,NULL,NULL,NULL),('b57b75d3-df4c-4b07-8b03-8a258ec5e40d','1994303','91931','',21.4166672984759,NULL,NULL,NULL),('b57c8bb6-c965-4bfe-b5bf-9e0c4f851135','8186027','93710','CB',31.58333398103714,NULL,NULL,NULL),('b5f68620-0829-46c3-8a81-e517a6895c9e','87372','16742','',85.48236600160598,NULL,NULL,NULL),('b62bfb0f-9ea2-4af3-b2a3-09a3561c7ffa','1994303','53364','CB',21.4166672984759,NULL,NULL,NULL),('b65b5f10-15c1-4b66-b5ad-d6b0b8eb6e9b','87372','76112','RCM',78.97841076850891,NULL,NULL,NULL),('b6f05e47-3a7f-4c8d-9002-a70877c9df6d','1994303','91931','',32.40569976568222,NULL,NULL,NULL),('b76b69f8-77ce-4d11-9416-78856dea6362','4928605','10514','',32.031191698710124,NULL,NULL,NULL),('b7db5e67-0403-4783-b274-ab1e9d2f7b01','3429941','36065','LCF',28.642621250947318,NULL,NULL,NULL),('b80353e1-4be6-4b51-ac28-d088bbfa42ad','83190','83246','CF',14.672874414920807,NULL,NULL,NULL),('b82f6c7e-d728-4b4a-8bfb-35a2f36e7800','1994303','83246','CF',34.2461402018865,NULL,NULL,NULL),('b895427b-6094-4058-8c56-f38a252ed071','3429941','11044','',17.40661366780599,NULL,NULL,NULL),('b8fae931-42ec-4866-88e8-c23179b16771','2669868','26591','GK',0.9257034182548523,NULL,NULL,NULL),('b9d3dd27-edd7-4343-a8f5-7f3c6b917608','87372','89717','CF',85.48236600160598,NULL,NULL,NULL),('ba02172e-aaf1-401f-9c6b-f387418ebd7c','1374322','63842','',30.016667397816978,NULL,NULL,NULL),('ba877754-be60-464a-928a-2b52ea020c73','87372','41829','',69.71846251487732,NULL,NULL,NULL),('bab4746c-3f9b-43b8-8949-527fc27a48c8','6598708','83246','',27.129719734191895,NULL,NULL,NULL),('bad5f9e1-4614-491c-b217-6bd77c634329','83190','68345','CB',11.966340800126394,NULL,NULL,NULL),('bb28714b-3142-49f2-9fc9-8c380d3dd235','90345','75570','',10.100000631809234,NULL,NULL,NULL),('bb4db895-8826-448e-9c78-40a1c11c5a86','90345','14357','GK',20.11666721900304,NULL,NULL,NULL),('bbdbf29c-f235-4573-956b-2c852e7dbaaa','1374322','90896','LM',43.95189483165741,NULL,NULL,NULL),('bc50b880-ca67-4209-ada5-9be7f0bad3ac','8186027','90896','',15.541336750984192,NULL,NULL,NULL),('bc7455f1-88af-4fcd-aaa0-bfae02d0417c','4928605','92177','LCM',32.031191698710124,NULL,NULL,NULL),('bc8e8c1d-ddd7-4674-bc5a-96cf9a4c1ffe','1374322','11044','LB',0,NULL,NULL,NULL),('bc96b764-60b8-4e69-8ddc-8bb33ec28a8e','1349601','63978','LM',15.039112281799316,NULL,NULL,NULL),('bcfb4a70-5ddc-4bbb-a3d3-fd66df1f412e','3429941','93710','CB',17.643773766358695,NULL,NULL,NULL),('bd1d7358-12b5-4a3f-80ec-e79c218aac6d','5585882','70140','GK',2.770353166262309,NULL,NULL,NULL),('bd3a2ca0-1871-40ae-9b28-baa1e5f3acb3','5382551','62504','',14.237554665406545,NULL,NULL,NULL),('bd3bd930-10f3-4b2d-91de-4b0f57f4d812','3429941','11044','',28.78581674893697,NULL,NULL,NULL),('be2f23b3-494b-49a0-b0aa-c7e2e011420b','3429941','36065','LCF',17.643773766358695,NULL,NULL,NULL),('be99dfa9-9bc2-4c88-84f2-687297664a16','9151984','53792','',0,NULL,NULL,NULL),('be9eb52c-b18c-47f3-9c97-e13ab10d7c16','87372','74722','',6.266667250792185,NULL,NULL,NULL),('bf06b29e-f419-477d-bea1-9178d553e43d','1349601','20570','LB',15.039112281799316,NULL,NULL,NULL),('bf3cb724-7145-4d64-8384-9a39fadad94a','87372','89717','CF',69.71846251487732,NULL,NULL,NULL),('bf756c80-2b1d-46f9-9840-ee1253ec14da','1349601','33605','RM',44.58548646767934,NULL,NULL,NULL),('bfdd06bb-11d4-4df2-83aa-1ba8b01d7e36','8186027','63978','',42.65341358184814,NULL,NULL,NULL),('c0258aa5-be5f-4e38-84b0-6e476b191986','5585882','31806','',0,NULL,NULL,NULL),('c0425954-a3e6-4543-9bd9-a00d947821f3','1374322','36065','RCF',43.95189483165741,NULL,NULL,NULL),('c0447533-1079-4930-8dde-b1ba6751a0fe','4950330','32206','',0,NULL,NULL,NULL),('c0bb4291-6b3b-43aa-b612-8b280fa783f6','8186027','90896','',42.65341358184814,NULL,NULL,NULL),('c0f5b932-0e29-4671-9008-aa798f416e9f','16168','91931','',10.30000053246816,NULL,NULL,NULL),('c146c654-408b-4890-9b5c-9563fdb3824d','90345','92177','LCM',20.11666721900304,NULL,NULL,NULL),('c20c877f-80d8-45db-9629-a8129bb740ea','1374322','90896','LM',44.73370618422826,NULL,NULL,NULL),('c216a2a6-9e5a-4937-a507-4f0bca884ab5','83190','83246','CF',6.066905848185221,NULL,NULL,NULL),('c2aea1dc-e416-4079-9ce1-ed2f8064edd0','3429941','93710','CB',21.470880834261575,NULL,NULL,NULL),('c2dfbf44-1066-4264-8148-f8851b23c633','83190','83246','RCM',11.966340800126394,NULL,NULL,NULL),('c340a7ab-2196-42da-b1b7-4330fad7fae4','1374322','11044','',57.67315428256988,NULL,NULL,NULL),('c3881170-e046-4d2d-ac17-3a31e822bf73','3429941','93710','CB',15.569920583566029,NULL,NULL,NULL),('c3dfc4ac-0042-4c81-aad3-1fc9282f9dd2','8186027','36065','LCF',15.541336750984192,NULL,NULL,NULL),('c3e988df-de6b-43eb-a7ea-673fd811b174','8917981','31178','',1.1105639338493347,NULL,NULL,NULL),('c4b3cd93-4434-4f14-aad6-47ffea1a5cfd','1374322','15652','LM',0,NULL,NULL,NULL),('c4c10ffb-ef2a-42f4-aec2-97c2fc7db45f','2711144','26591','',3.8151941816012065,NULL,NULL,NULL),('c51104c5-f9a4-401b-91fc-05ba38cfee91','8917981','31178','',0,NULL,NULL,NULL),('c54f82cc-d11e-482e-ae11-2c01745a2c68','8186027','11044','RB',21.863567066192626,NULL,NULL,NULL),('c58c8fbe-6b83-43a0-a52a-43747fc632e3','83190','91931','',14.672874414920807,NULL,NULL,NULL),('c67c3586-6c29-46c4-847d-9370b63cda5e','1374322','20570','',44.73370618422826,NULL,NULL,NULL),('c68397f3-d944-4a39-bf13-725526d88479','16168','91931','',20.41666736602783,NULL,NULL,NULL),('c6e3c357-7048-4346-a8b3-5804270ece64','83190','91931','',15.260870933532715,NULL,NULL,NULL),('c6ffeae8-469e-4cf5-acc9-33668e697795','6598708','14357','LM',32.77434586683909,NULL,NULL,NULL),('c72380e1-69d8-4d0e-88d7-0e755ca4c810','3429941','63978','LB',17.643773766358695,NULL,NULL,NULL),('c75cf5d3-b1aa-43e9-a115-9d184b9fbb0a','8186027','39127','CM',45.29108858505885,NULL,NULL,NULL),('c7735cad-aadb-4c00-a225-e0720841d195','90345','83246','RCM',10.100000631809234,NULL,NULL,NULL),('c77a14ab-85b2-4076-af5e-ec00c3d75e5d','4766924','31178','CB',0.9669955174128214,NULL,NULL,NULL),('c77dbda8-67be-4cfb-b505-2ac79abe8065','1349601','36065','',44.58548646767934,NULL,NULL,NULL),('c7ce8f3e-7316-4738-b966-f729e8597bfe','8917981','62504','',1.1105639338493347,NULL,NULL,NULL),('c82325ff-6451-4e1a-ab0d-9acf75169e52','1374322','33605','',44.73370618422826,NULL,NULL,NULL),('c824a1a4-b85d-42ce-aef2-8e9419b013c0','87372','16742','',82.54248181581497,NULL,NULL,NULL),('c896ecf5-13f9-4c97-9058-ac8f358b9997','9151984','77632','',0,NULL,NULL,NULL),('c8e00aa7-aa8b-4d50-bbc7-1f39ab8ab493','87372','78840','RCF',78.97841076850891,NULL,NULL,NULL),('c9bf9086-2be4-45fb-9f86-cb058d7c5977','8186027','39127','',15.541336750984192,NULL,NULL,NULL),('cb01a906-866a-4422-b862-609a2bd30b9b','87372','11137','LM',85.48236600160598,NULL,NULL,NULL),('cb343e37-7f7d-4121-ad28-5565a42baf67','1994303','14357','CF',10.550000647703806,NULL,NULL,NULL),('cbf15288-2c3f-4c7e-b907-9227452ae1ca','1349601','66233','GK',30.666667250792184,NULL,NULL,NULL),('cc085b4d-21df-48e1-849c-f3b661a460da','2669868','62504','',0.9257034182548523,NULL,NULL,NULL),('cc39bf93-e953-4628-9774-678d6f759d43','90345','92177','CF',10.100000631809234,NULL,NULL,NULL),('cd20a082-ab50-4f27-bd4d-f5918107e29a','1349601','11044','LB',44.30892496506373,NULL,NULL,NULL),('cda39726-ef26-4469-b0c2-e773dc984374','2711144','89904','RCM',1.0212652842203775,NULL,NULL,NULL),('cddaf4a5-1562-4ded-b9c7-4d1691919016','6485567','94689','',1.4734194159507752,NULL,NULL,NULL),('cde597e5-ef33-4d19-a0e0-5e0787477bce','8186027','93710','CB',21.863567066192626,NULL,NULL,NULL),('ce1385c1-0cb3-470f-b301-0d62a8bd3bac','4928605','75570','',10.98333398103714,NULL,NULL,NULL),('ce6a7d66-d61f-43cc-9ee5-2b68962e47e4','3429941','15652','LM',21.470880834261575,NULL,NULL,NULL),('ce9c63e4-5549-4560-bab4-c25e8a606021','1374322','20570','',30.016667397816978,NULL,NULL,NULL),('cf18db88-b663-43f1-9c22-bd1c6fb7bc92','8186027','36065','LCF',51.63232083320618,NULL,NULL,NULL),('cf3afa5b-eae6-494f-a3c7-3bdbaf38b65f','3429941','33605','',28.78581674893697,NULL,NULL,NULL),('d03912d4-2b3d-4873-8c80-e924f1d19611','5140449','11137','',0,NULL,NULL,NULL),('d09de8b3-407d-477f-b02a-0025820ab4a6','1374322','93710','',30.016667397816978,NULL,NULL,NULL),('d0b69206-7897-4cd4-a372-f7e9dd15f013','87372','74722','',78.97841076850891,NULL,NULL,NULL),('d14b9d5a-d2c6-48aa-abf8-f1c615cf3f90','1349601','95230','RCF',44.58548646767934,NULL,NULL,NULL),('d1e5964b-c09a-4871-ba44-d65763f329b0','1374322','33605','RM',15.369030066331227,NULL,NULL,NULL),('d224959e-d28b-4766-b879-2230f3e2d341','1374322','90896','LM',30.016667397816978,NULL,NULL,NULL),('d259af37-a277-432e-8a90-2e1d1d2ac8e9','8186027','91830','',31.58333398103714,NULL,NULL,NULL),('d2ae0a0d-d15e-4dc0-9447-bda90ddb4d4b','1994303','92177','LCM',21.41666728258133,NULL,NULL,NULL),('d3bd1b90-40bc-421a-84a1-bba19b3a6d42','3429941','63842','LM',17.40661366780599,NULL,NULL,NULL),('d52bde2c-672b-41e2-b3a6-775993f6a6d2','4636166','38483','',0.980570117632548,NULL,NULL,NULL),('d5905918-8d4d-4e9d-9ab6-a9e9f9a36433','87372','96769','LCM',78.97841076850891,NULL,NULL,NULL),('d598556a-4a86-4522-bd8b-7668673a0bd3','5585882','34231','RCB',2.770353166262309,NULL,NULL,NULL),('d59e18fd-8f08-4310-90b8-3a734134db44','87372','56970','',69.71846251487732,NULL,NULL,NULL),('d5d4d263-5d44-464e-b1ea-2a5443fc1f69','8917981','47850','LCM',1.1105639338493347,NULL,NULL,NULL),('d602bc61-8537-45f0-9769-017721594f6a','4766924','38483','CF',0.9669955174128214,NULL,NULL,NULL),('d60d035a-763d-4225-8b13-5519c3619505','1994303','53364','CB',32.40569976568222,NULL,NULL,NULL),('d62ba0e0-a707-467b-a4e9-36c75e11fad1','1994303','83246','CF',32.00000071525574,NULL,NULL,NULL),('d62edece-151f-4ebf-bb0e-f3afc8bc0924','3429941','93710','CB',32.96225870052974,NULL,NULL,NULL),('d6daf71e-3848-43d4-9f96-b113581a9622','4636166','26591','',0.980570117632548,NULL,NULL,NULL),('d7403c04-16b7-4fcf-91c1-95b527545e74','5585882','77270','LCAM',2.770353166262309,NULL,NULL,NULL),('d7cdb104-c191-491d-986d-cd201f2f27e2','87372','16742','',78.97841076850891,NULL,NULL,NULL),('d7e7fd4a-da26-42eb-b143-0d23b521d582','8917981','36048','GK',1.1105639338493347,NULL,NULL,NULL),('d829a65e-0694-4863-929b-090f6f63d804','1374322','95230','',43.95189483165741,NULL,NULL,NULL),('d84689a8-08e9-4617-a22b-dbdbc2948a7f','6598708','91931','',32.77434586683909,NULL,NULL,NULL),('d889a604-0840-4780-8b35-89593400cc58','83190','75570','GK',6.066905848185221,NULL,NULL,NULL),('d89da6af-2ce9-4312-b4df-e97274ef1d1f','1349601','91830','RB',57.460390067100526,NULL,NULL,NULL),('d8e4b935-1199-4d18-ae24-bf13f9d36119','1994303','68345','',32.000000683466595,NULL,NULL,NULL),('d9207948-68e5-4237-a7f2-720680e1565d','8186027','90896','',21.10400280157725,NULL,NULL,NULL),('d94df782-e815-4c72-8f54-10c6b80ea012','1374322','64298','',0,NULL,NULL,NULL),('d9b8ad20-a997-4566-ba89-0025d3766777','5140449','59007','LCM',0,NULL,NULL,NULL),('d9de3a2e-e9ff-4406-a1cb-45d75921dbf5','8917981','47850','',0,NULL,NULL,NULL),('da225103-7fac-435a-a17e-041af6767764','1349601','90896','',44.30892496506373,NULL,NULL,NULL),('da23d89a-c17c-4857-9c18-8ecc34165390','5585882','39737','',2.770353166262309,NULL,NULL,NULL),('da6b9878-7fcb-471b-88c3-8be4a64b3f15','1374322','39127','LB',44.73370618422826,NULL,NULL,NULL),('da84b452-879a-4710-83c4-74c641f58b16','8186027','93710','RB',21.10400280157725,NULL,NULL,NULL),('dac57cbe-0459-4f91-b764-2ae46b50bd8a','1994303','53364','CB',32.000000683466595,NULL,NULL,NULL),('db1f065a-bc6c-4fea-9b55-60bd39bf3c95','3429941','91830','RB',21.470880834261575,NULL,NULL,NULL),('dbd4dc98-5548-4d52-9ef1-9ccbec212fbd','87372','59007','RM',6.266667250792185,NULL,NULL,NULL),('dd0e504f-638b-41ea-99b9-b97be2722bce','1374322','64298','',44.73370618422826,NULL,NULL,NULL),('dd18e9b8-3e89-4834-a04f-91f7d392c3f2','1349601','39127','',57.460390067100526,NULL,NULL,NULL),('ddb14e4d-7a01-4226-9e9c-82079ca26799','1994303','92177','',32.00000071525574,NULL,NULL,NULL),('de2749c6-a41f-4905-9e28-1a636aa63b34','8186027','95230','RCF',21.863567066192626,NULL,NULL,NULL),('de649f16-7a3d-4e36-af16-e1d6f80672be','3429941','66233','',28.78581674893697,NULL,NULL,NULL),('dec3f620-9676-49dc-ba98-0ad62d3cf2ec','8186027','33605','',45.29108858505885,NULL,NULL,NULL),('dfa1fbf8-2993-44a7-8a4e-d0ffbfa21612','8186027','66233','GK',21.863567066192626,NULL,NULL,NULL),('e0cc444b-ab83-4dad-b072-0a75672fc2ac','1374322','91830','',44.73370618422826,NULL,NULL,NULL),('e0ea002d-ac8f-4e14-a698-a35a0277028f','87372','41829','LCF',85.48236600160598,NULL,NULL,NULL),('e10e9da1-c51f-4ea0-8dba-a88d18905dc5','1349601','20570','LCM',57.460390067100526,NULL,NULL,NULL),('e1252948-7815-4710-a5bc-6685c448982b','1374322','20570','',43.95189483165741,NULL,NULL,NULL),('e1608a4b-f574-42aa-a100-e1a184a8448c','8186027','63842','',31.58333398103714,NULL,NULL,NULL),('e1bf9150-ed4e-4d30-b09b-a6ca3bb27352','16168','68345','GK',10.30000053246816,NULL,NULL,NULL),('e232b092-764d-4ee3-86dd-3c3c77752129','4928605','91931','GK',10.98333398103714,NULL,NULL,NULL),('e240ffe6-3dc1-4dbc-bd63-0da39fddc63c','1374322','64298','CM',30.016667397816978,NULL,NULL,NULL),('e2941d1f-b26a-4582-b3e6-75c6be92ba79','90345','14357','LCM',10.100000631809234,NULL,NULL,NULL),('e30c2696-24f7-459d-93ab-b7e6d07079a8','90345','68345','',30.683333865801494,NULL,NULL,NULL),('e375e5b0-4ba2-4037-9b47-3254c1f257e1','6598708','68345','',0,NULL,NULL,NULL),('e38b0c14-0bbd-4e3f-a24d-f5d1d825442e','5585882','31326','RCAM',0,NULL,NULL,NULL),('e3da3cf8-7b1b-4658-aef4-f0447260d854','3429941','90896','LM',32.96225870052974,NULL,NULL,NULL),('e3f73b6b-6d03-418d-9e2e-96c7f5e00624','8186027','20570','LB',31.58333398103714,NULL,NULL,NULL),('e4142d84-7a8f-48be-a3cd-4008f86d760b','87372','44686','',80.60892466704051,NULL,NULL,NULL),('e44be310-fb02-442c-a7ba-695b30cbd549','8186027','66233','GK',31.58333398103714,NULL,NULL,NULL),('e476e6ce-e12e-4bc5-9791-225ec27ec178','1349601','91830','',15.039112281799316,NULL,NULL,NULL),('e4aa476e-d9ed-45ab-963d-752f38607357','83190','68345','GK',11.855714718500773,NULL,NULL,NULL),('e4d1228d-9c61-4fc2-8dd5-7418b2282b08','6598708','53364','DM',14.417308251063028,NULL,NULL,NULL),('e4eccc18-06e6-4cee-91c5-80cc37c791f0','87372','16742','',6.266667250792185,NULL,NULL,NULL),('e67e34d7-3958-43dc-9a15-b0c2b7014fcd','83190','14357','LCM',6.286126232147216,NULL,NULL,NULL),('e6a2ed85-19d9-4faf-8078-d6ba83ae2803','1994303','53364','CB',34.2461402018865,NULL,NULL,NULL),('e77cc01c-1ef2-4ce8-8636-0888a0fb9632','8186027','63978','',21.10400280157725,NULL,NULL,NULL),('e7946927-d337-48b2-aa68-d3616b454139','1374322','15652','LCF',43.95189483165741,NULL,NULL,NULL),('e7ef636c-b13c-4e4f-8076-9ff47dfe3d4d','1374322','95230','',30.016667397816978,NULL,NULL,NULL),('e80fdb35-69b3-4ff5-99ec-a5bbe9a1579c','83190','91931','',11.389402349789938,NULL,NULL,NULL),('e8d5c07a-025f-46e3-aedb-d6d6be65396d','83190','53364','',11.966340800126394,NULL,NULL,NULL),('e9afadbf-a63e-497f-acf2-0131f9c0385c','87372','76112','RCM',82.54248181581497,NULL,NULL,NULL),('e9bd15dd-4730-453a-88fb-01a9aa0153e1','1994303','91931','',10.550000647703806,NULL,NULL,NULL),('e9dd5b0c-5aab-4f1e-9709-1844b7da10cc','2711144','36048','',3.8151941816012065,NULL,NULL,NULL),('ea0f7f95-0208-4124-a9d7-6b7f52470fd4','6598708','68345','RM',2.476282731691996,NULL,NULL,NULL),('ea40dd83-11a8-4e5d-9921-c91609ab6940','8186027','63978','',21.863567066192626,NULL,NULL,NULL),('ea4566da-95e6-4ee0-bd76-247663488edf','87372','76112','RCM',69.71846251487732,NULL,NULL,NULL),('eaf32e61-ad12-409c-b536-78a6b8d1295e','1374322','66233','GK',44.73370618422826,NULL,NULL,NULL),('eb089ab2-7bb2-47aa-bbb2-2d9f62b57963','3429941','64298','CM',21.470880834261575,NULL,NULL,NULL),('eb299f96-f7e4-4dcb-ae41-e08fb5d088a0','8186027','20570','LB',21.863567066192626,NULL,NULL,NULL),('eb3a51a9-42ce-47d3-9bb1-56c886872c3d','90345','53364','GK',10.100000631809234,NULL,NULL,NULL),('ebec837b-b8ca-4dad-8366-9f912055159c','16168','83246','CB',20.41666736602783,NULL,NULL,NULL),('ebf1d781-e4f4-4b2a-84d4-24f0db0a5f4e','8186027','91830','RB',45.29108858505885,NULL,NULL,NULL),('ec3f0513-e464-4409-bab6-e5e66c864868','87372','50172','RCF',85.48236600160598,NULL,NULL,NULL),('ec48d269-c9d1-4ed7-bd44-4e32341ada65','5140449','16742','',0,NULL,NULL,NULL),('ecf98b4b-595a-40b7-9a11-e5834bf9b0ac','90345','91931','',10.100000631809234,NULL,NULL,NULL),('ed1ce998-61be-45c9-87a7-dd09dfa1b61c','8917981','94689','CF',1.1105639338493347,NULL,NULL,NULL),('ed1f9617-124b-4f72-8b49-67a3b6294839','83190','83246','',11.855714718500773,NULL,NULL,NULL),('ed4ea374-4c75-4fc5-a0bc-310f514f0673','6598708','75570','CAM',0,NULL,NULL,NULL),('edd54e06-0a7e-4a66-b416-d8b8822ff7be','1374322','93710','CB',44.73370618422826,NULL,NULL,NULL),('ee1301f2-72ba-4034-982e-9367c52fb012','1994303','83246','CF',21.41666728258133,NULL,NULL,NULL),('ee26698d-1dae-46dc-82ce-d02a8d0e1180','1994303','75570','',21.4166672984759,NULL,NULL,NULL),('eee23f1f-14ae-47c4-886e-eaabe989c00f','83190','91931','',6.066905848185221,NULL,NULL,NULL),('eef7488c-0364-4419-b8db-e218b28cbd07','16168','10514','CF',10.30000053246816,NULL,NULL,NULL),('ef4ba603-9178-4119-88f9-67d4e1e45985','3429941','15652','RCF',17.643773766358695,NULL,NULL,NULL),('ef52a2b2-f5c7-407e-a85c-e2269c2e5a6c','8186027','36065','LCF',21.863567066192626,NULL,NULL,NULL),('ef69ddf3-a5ef-478c-af9d-cdbd5ded39ca','87372','44686','',82.54248181581497,NULL,NULL,NULL),('ef8222e2-3fe9-45cf-8e14-b20fcd90ba8e','87372','11137','LM',69.71846251487732,NULL,NULL,NULL),('ef931363-2dd0-4bca-9c7d-3fb5fa813010','3429941','63978','LB',21.470880834261575,NULL,NULL,NULL),('efe71e92-15b4-4652-a4cf-8b9c557df350','8186027','63978','',31.58333398103714,NULL,NULL,NULL),('f083eaf6-bbee-4b97-8b1d-63bf0278e262','6485567','89613','',1.4734194159507752,NULL,NULL,NULL),('f088d6e3-47ee-45e7-a2f1-181a85876f77','6598708','68345','RM',32.77434586683909,NULL,NULL,NULL),('f0e1dd33-4adc-44f9-a4ce-8f0d02bde5a6','8186027','20570','',45.29108858505885,NULL,NULL,NULL),('f0e36ee0-865d-4af2-9417-53e17bcdacff','3429941','39127','',17.40661366780599,NULL,NULL,NULL),('f13d3714-bdc0-423d-93a4-58b93b53c48a','1994303','92177','LCM',10.550000647703806,NULL,NULL,NULL),('f18d1b64-4a72-4456-a568-d818531f22b4','3429941','20570','GK',17.40661366780599,NULL,NULL,NULL),('f1b3ddc0-bf06-4925-b02a-62f745c1ce97','8917981','89613','',1.1105639338493347,NULL,NULL,NULL),('f250f3f2-583c-4fbf-88fd-cfe35eaf10b3','90345','92177','CF',30.683333865801494,NULL,NULL,NULL),('f2668beb-687a-48be-aec0-e8c0f654549a','83190','75570','CF',11.855714718500773,NULL,NULL,NULL),('f2be09c0-d9d4-4a93-a857-85be8e4a6863','4928605','83246','RCM',10.98333398103714,NULL,NULL,NULL),('f2c83d38-2826-4f21-92c2-0e9af52e4adb','8186027','39127','LB',42.65341358184814,NULL,NULL,NULL),('f2c96b24-6b3a-4d82-bd32-a2122600f5d8','6598708','14357','',14.417308251063028,NULL,NULL,NULL),('f2ce9256-5980-4f20-97e8-14479eaa1f04','8186027','66233','GK',45.29108858505885,NULL,NULL,NULL),('f2ffcf0a-9fa6-4cd8-baa3-9bd9208ec57e','2711144','31178','',1.0212652842203775,NULL,NULL,NULL),('f31107b8-559c-4350-a6f2-bc663f2e08bd','87372','25078','',69.71846251487732,NULL,NULL,NULL),('f31f5c17-9de0-4934-89df-a1ff84c6872a','16168','91931','',34.48178338209788,NULL,NULL,NULL),('f3bdf1d8-05e7-4d1a-be89-03724f27236a','1374322','36065','RCF',44.73370618422826,NULL,NULL,NULL),('f3f34e3b-3f9c-4f2a-9057-5965f6db8c28','87372','56970','',76.58333390156427,NULL,NULL,NULL),('f40b8171-3ad5-41ec-9a95-7c8958fba9c6','87372','44686','',6.266667250792185,NULL,NULL,NULL),('f430721a-cfd8-4aeb-8fc6-9eaa9ff31538','4928605','68345','CB',10.98333398103714,NULL,NULL,NULL),('f4534056-aa05-4117-8e2d-f3c8f9f6fc75','8186027','66233','GK',21.10400280157725,NULL,NULL,NULL),('f4657c05-87c7-4472-b038-4ff33e4944ae','8917981','89904','',0,NULL,NULL,NULL),('f49e3e9d-256e-4eef-97f7-a737b5765421','1349601','33605','RM',57.460390067100526,NULL,NULL,NULL),('f4f0e7e3-81d3-4769-9e86-033ef2af3b45','1349601','36065','',30.666667250792184,NULL,NULL,NULL),('f4fbd9f2-8012-45f6-95c7-69d31eaf1e7a','16168','75570','CB',34.48178338209788,NULL,NULL,NULL),('f54da126-6786-4d02-aadc-7d3b25d0cf84','1349601','66233','GK',57.460390067100526,NULL,NULL,NULL),('f5c3fe96-3aaa-4af4-9848-0881073642e7','1994303','68345','RCM',34.2461402018865,NULL,NULL,NULL),('f5dbc4df-480c-47fb-8e82-b893969b7104','16168','75570','',14.726995233694712,NULL,NULL,NULL),('f682e3a9-ee15-4814-b9b6-5ac3e58cfd3e','1349601','63978','CM',30.666667250792184,NULL,NULL,NULL),('f6aa0277-2dcf-4516-8cb8-667724a5b864','4928605','10514','',10.98333398103714,NULL,NULL,NULL),('f6f5cddf-47c0-459f-a228-4f644643e667','83190','92177','CB',14.672874414920807,NULL,NULL,NULL),('f703d375-d819-4be1-a3dc-dfe56fa70add','8186027','63842','RM',51.63232083320618,NULL,NULL,NULL),('f7184f57-a521-4c85-8e9e-b4d854ba0dad','3429941','95230','',17.643773766358695,NULL,NULL,NULL),('f746a167-ef6d-4db5-b5a6-5ce7f401d4dc','8186027','64298','',51.63232083320618,NULL,NULL,NULL),('f7608568-fbf4-43e9-be1c-34b52a6a9a37','1349601','20570','',44.58548646767934,NULL,NULL,NULL),('f7c99829-818d-4b59-816e-1318ad31f97e','8186027','90896','',21.863567066192626,NULL,NULL,NULL),('f81135d5-0115-4da1-bcf8-527b470231f7','90345','68345','',20.11666721900304,NULL,NULL,NULL),('f89273e8-b5fb-4e1b-8b63-8fd0e2da8eb8','1994303','91931','RCM',21.41666728258133,NULL,NULL,NULL),('f8e6ccef-6163-4514-b5eb-38547407327b','1349601','63842','',15.039112281799316,NULL,NULL,NULL),('f931be14-94cd-4b70-af5d-315258d0e35a','4928605','75570','LCM',21.550000683466592,NULL,NULL,NULL),('f93a7969-c0cd-457a-a1dc-f2c178bb8674','6485567','49112','',1.4734194159507752,NULL,NULL,NULL),('f9423794-0f92-4573-b63d-b1c7dc8a5a91','1994303','10514','',21.41666728258133,NULL,NULL,NULL),('f95e3d4b-ec57-4230-98ca-58f89ece1f10','9151984','66029','CAM',0,NULL,NULL,NULL),('f9b198e9-40ae-4ef7-8baf-08e6c59bb852','4636166','49112','RCM',0.980570117632548,NULL,NULL,NULL),('fa134684-71b5-4ba1-8658-c42be63f5ed4','1349601','20570','LB',30.666667250792184,NULL,NULL,NULL),('fac7ff1c-f813-4990-b6b5-376725ae2688','16168','10514','LCM',34.48178338209788,NULL,NULL,NULL),('fb1e18cb-e418-449b-944f-47adad6cba57','5585882','47620','CF',2.770353166262309,NULL,NULL,NULL),('fb59daaa-9742-423d-b4dc-b221641385e0','2669868','36048','CF',0.9257034182548523,NULL,NULL,NULL),('fb93a7bd-0626-47be-8fdc-492a14dfa20c','6598708','83246','LM',0,NULL,NULL,NULL),('fbc0e22a-c61f-4a2a-8641-db3e3e2e09a9','3429941','95230','',17.40661366780599,NULL,NULL,NULL),('fbe70fff-8363-4ff8-9809-2ea7582b7af4','3429941','64298','CM',17.643773766358695,NULL,NULL,NULL),('fcbc0df1-547a-4eb4-9226-eeb250d9eee9','8186027','33605','',21.863567066192626,NULL,NULL,NULL),('fcc756ca-c8af-4d58-bc15-0201d0d7a2c5','4950330','58733','GK',0,NULL,NULL,NULL),('fcd44c5b-538c-40e7-acac-36311764bbee','4950330','98767','CB',0,NULL,NULL,NULL),('fd97a6a8-1f93-4b9b-874d-051fdfe578d2','3429941','63978','LB',28.642621250947318,NULL,NULL,NULL),('fdf3a1e9-d69e-4569-bf1d-1d3945e897b3','9151984','18385','CM',0,NULL,NULL,NULL),('fe04db17-7c44-448d-8af4-2aaeb19f5bd1','8186027','11044','CB',21.10400280157725,NULL,NULL,NULL),('fe2a7619-7d5a-4a5a-97ce-3c98eeeedad1','90345','75570','CB',20.11666721900304,NULL,NULL,NULL),('fe9ac4c3-3c54-44df-9406-1bb58ce2e9b4','4950330','38310','LCM',0.8584164341290792,NULL,NULL,NULL),('ff7009dc-80b7-4714-b182-d04d848ac8bb','8186027','93710','CB',42.65341358184814,NULL,NULL,NULL),('ff8db4ca-9a88-4883-bd46-ed51e00bca94','8186027','95230','',31.58333398103714,NULL,NULL,NULL);
/*!40000 ALTER TABLE `Actual_Lineups` ENABLE KEYS */;
UNLOCK TABLES;
SET @@SESSION.SQL_LOG_BIN = @MYSQLDUMP_TEMP_LOG_BIN;
/*!40103 SET TIME_ZONE=@OLD_TIME_ZONE */;

/*!40101 SET SQL_MODE=@OLD_SQL_MODE */;
/*!40014 SET FOREIGN_KEY_CHECKS=@OLD_FOREIGN_KEY_CHECKS */;
/*!40014 SET UNIQUE_CHECKS=@OLD_UNIQUE_CHECKS */;
/*!40101 SET CHARACTER_SET_CLIENT=@OLD_CHARACTER_SET_CLIENT */;
/*!40101 SET CHARACTER_SET_RESULTS=@OLD_CHARACTER_SET_RESULTS */;
/*!40101 SET COLLATION_CONNECTION=@OLD_COLLATION_CONNECTION */;
/*!40111 SET SQL_NOTES=@OLD_SQL_NOTES */;

-- Dump completed on 2024-03-09 17:11:52
