{
  "version": "1.0",
  "session": {
    "new": true,
    "sessionId": "amzn1.echo-api.session.123123123",
    "application": {
      "applicationId": "amzn1.ask.skill.123"
    },
    "attributes": {
      "key": "this is an attribute"
    },
    "user": {
      "userId": "amzn1.ask.account.abc",
      "accessToken": "Atza|AAAAAAAA...",
      "permissions": {
        "consentToken": "ZZZZZZZ..."
      }
    }
  },
  "context": {
    "System": {
      "device": {
        "deviceId": "123456",
        "supportedInterfaces": {
          "AudioPlayer": {}
        }
      },
      "application": {
        "applicationId": "amzn1.ask.skill.foobar"
      },
      "user": {
        "userId": "amzn1.ask.account.user_name",
        "accessToken": "Atza|AAAAAAAA...",
        "permissions": {
          "consentToken": "ZZZZZZZ..."
        }
      },
      "apiEndpoint": "https://api.amazonalexa.com",
      "apiAccessToken": "AxThk..."
    },
    "AudioPlayer": {
      "playerActivity": "PLAYING",
      "token": "audioplayer-token",
      "offsetInMilliseconds": 0
    }
  },
  "request": {
    "type": "LaunchRequest",
    "requestId": "1234-5678-abcd",
    "timestamp": "123123",
    "locale": "en-US"
  }
}
